[
   {
      "Index": 1,
      "Title": "The Shawshank Redemption",
      "Year": 1994,
      "Rated": "R",
      "Runtime": "142 min",
      "Genre": "Crime",
      "Director": "Frank Darabont",
      "Country": "USA",
      "Oscars Won": "0",
      "Poster": "https://images-na.ssl-images-amazon.com/images/M/MV5BODU4MjU4NjIwNl5BMl5BanBnXkFtZTgwMDU2MjEyMDE@._V1_SX300.jpg",
      "Critic (RottenTomatoes)": 91,
      "Audience (imdbRating)": 93,
      "BoxOffice (US Gross)": "58,500,000",
      "Production": "Columbia Pictures",
      "Plot": "Two imprisoned men bond over a number of years, finding solace and eventual redemption through acts of common decency.",
      "Actors": "Tim Robbins, Morgan Freeman, Bob Gunton, William Sadler"
   },
   {
      "Index": 2,
      "Title": "The Godfather",
      "Year": 1972,
      "Rated": "R",
      "Runtime": "175 min",
      "Genre": "Crime",
      "Director": "Francis Ford Coppola",
      "Country": "USA",
      "Oscars Won": 3,
      "Poster": "https://images-na.ssl-images-amazon.com/images/M/MV5BZTRmNjQ1ZDYtNDgzMy00OGE0LWE4N2YtNTkzNWQ5ZDhlNGJmL2ltYWdlL2ltYWdlXkEyXkFqcGdeQXVyNjU0OTQ0OTY@._V1_SX300.jpg",
      "Critic (RottenTomatoes)": 98,
      "Audience (imdbRating)": 92,
      "BoxOffice (US Gross)": "245,066,411",
      "Production": "Paramount Pictures",
      "Plot": "The aging patriarch of an organized crime dynasty transfers control of his clandestine empire to his reluctant son.",
      "Actors": "Marlon Brando, Al Pacino, James Caan, Richard S. Castellano"
   },
   {
      "Index": 3,
      "Title": "The Godfather: Part II",
      "Year": 1974,
      "Rated": "R",
      "Runtime": "202 min",
      "Genre": "Crime",
      "Director": "Francis Ford Coppola",
      "Country": "USA",
      "Oscars Won": 6,
      "Poster": "https://images-na.ssl-images-amazon.com/images/M/MV5BMjZiNzIxNTQtNDc5Zi00YWY1LThkMTctMDgzYjY4YjI1YmQyL2ltYWdlL2ltYWdlXkEyXkFqcGdeQXVyNjU0OTQ0OTY@._V1_SX300.jpg",
      "Critic (RottenTomatoes)": 97,
      "Audience (imdbRating)": 90,
      "BoxOffice (US Gross)": "57,300,000",
      "Production": "Paramount Pictures",
      "Plot": "The early life and career of Vito Corleone in 1920s New York is portrayed while his son, Michael, expands and tightens his grip on the family crime syndicate.",
      "Actors": "Al Pacino, Robert Duvall, Diane Keaton, Robert De Niro"
   },
   {
      "Index": 4,
      "Title": "The Dark Knight",
      "Year": 2008,
      "Rated": "PG-13",
      "Runtime": "152 min",
      "Genre": "Action",
      "Director": "Christopher Nolan",
      "Country": "USA, UK",
      "Oscars Won": 2,
      "Poster": "https://images-na.ssl-images-amazon.com/images/M/MV5BMTMxNTMwODM0NF5BMl5BanBnXkFtZTcwODAyMTk2Mw@@._V1_SX300.jpg",
      "Critic (RottenTomatoes)": 94,
      "Audience (imdbRating)": 90,
      "BoxOffice (US Gross)": "533,316,061",
      "Production": "Warner Bros. Pictures/Legendary",
      "Plot": "When the menace known as the Joker emerges from his mysterious past, he wreaks havoc and chaos on the people of Gotham, the Dark Knight must accept one of the greatest psychological and physical tests of his ability to fight injustice.",
      "Actors": "Christian Bale, Heath Ledger, Aaron Eckhart, Michael Caine"
   },
   {
      "Index": 5,
      "Title": "12 Angry Men",
      "Year": 1957,
      "Rated": "NR",
      "Runtime": "96 min",
      "Genre": "Crime",
      "Director": "Sidney Lumet",
      "Country": "USA",
      "Oscars Won": "0",
      "Poster": "https://images-na.ssl-images-amazon.com/images/M/MV5BODQwOTc5MDM2N15BMl5BanBnXkFtZTcwODQxNTEzNA@@._V1_SX300.jpg",
      "Critic (RottenTomatoes)": 100,
      "Audience (imdbRating)": 89,
      "BoxOffice (US Gross)": "2,000,000",
      "Production": "Criterion Collection",
      "Plot": "A jury holdout attempts to prevent a miscarriage of justice by forcing his colleagues to reconsider the evidence.",
      "Actors": "Martin Balsam, John Fiedler, Lee J. Cobb, E.G. Marshall"
   },
   {
      "Index": 6,
      "Title": "Schindler's List",
      "Year": 1993,
      "Rated": "R",
      "Runtime": "195 min",
      "Genre": "Biography",
      "Director": "Steven Spielberg",
      "Country": "USA",
      "Oscars Won": 7,
      "Poster": "https://images-na.ssl-images-amazon.com/images/M/MV5BNDE4OTMxMTctNmRhYy00NWE2LTg3YzItYTk3M2UwOTU5Njg4XkEyXkFqcGdeQXVyNjU0OTQ0OTY@._V1_SX300.jpg",
      "Critic (RottenTomatoes)": 97,
      "Audience (imdbRating)": 89,
      "BoxOffice (US Gross)": "96,067,179",
      "Production": "Universal Pictures",
      "Plot": "In German-occupied Poland during World War II, Oskar Schindler gradually becomes concerned for his Jewish workforce after witnessing their persecution by the Nazi Germans.",
      "Actors": "Liam Neeson, Ben Kingsley, Ralph Fiennes, Caroline Goodall"
   },
   {
      "Index": 7,
      "Title": "Pulp Fiction",
      "Year": 1994,
      "Rated": "R",
      "Runtime": "154 min",
      "Genre": "Crime",
      "Director": "Quentin Tarantino",
      "Country": "USA",
      "Oscars Won": 1,
      "Poster": "https://images-na.ssl-images-amazon.com/images/M/MV5BMTkxMTA5OTAzMl5BMl5BanBnXkFtZTgwNjA5MDc3NjE@._V1_SX300.jpg",
      "Critic (RottenTomatoes)": 94,
      "Audience (imdbRating)": 89,
      "BoxOffice (US Gross)": "107,928,762",
      "Production": "Miramax Films",
      "Plot": "The lives of two mob hit men, a boxer, a gangster's wife, and a pair of diner bandits intertwine in four tales of violence and redemption.",
      "Actors": "Tim Roth, Amanda Plummer, Laura Lovelace, John Travolta"
   },
   {
      "Index": 8,
      "Title": "The Lord of the Rings: The Return of the King",
      "Year": 2003,
      "Rated": "PG-13",
      "Runtime": "201 min",
      "Genre": "Adventure",
      "Director": "Peter Jackson",
      "Country": "USA, New Zealand",
      "Oscars Won": 11,
      "Poster": "https://images-na.ssl-images-amazon.com/images/M/MV5BYWY1ZWQ5YjMtMDE0MS00NWIzLWE1M2YtODYzYTk2OTNlYWZmXkEyXkFqcGdeQXVyNDUyOTg3Njg@._V1_SX300.jpg",
      "Critic (RottenTomatoes)": 93,
      "Audience (imdbRating)": 89,
      "BoxOffice (US Gross)": "364,000,000",
      "Production": "New Line Cinema",
      "Plot": "Gandalf and Aragorn lead the World of Men against Sauron's army to draw his gaze from Frodo and Sam as they approach Mount Doom with the One Ring.",
      "Actors": "Noel Appleby, Ali Astin, Sean Astin, David Aston"
   },
   {
      "Index": 9,
      "Title": "The Good, the Bad and the Ugly",
      "Year": 1966,
      "Rated": "NR",
      "Runtime": "178 min",
      "Genre": "Western",
      "Director": "Sergio Leone",
      "Country": "Italy, Spain, West Germany",
      "Oscars Won": "0",
      "Poster": "https://images-na.ssl-images-amazon.com/images/M/MV5BOTQ5NDI3MTI4MF5BMl5BanBnXkFtZTgwNDQ4ODE5MDE@._V1_SX300.jpg",
      "Critic (RottenTomatoes)": 97,
      "Audience (imdbRating)": 89,
      "BoxOffice (US Gross)": "6,100,000",
      "Production": "United Artists",
      "Plot": "A bounty hunting scam joins two men in an uneasy alliance against a third in a race to find a fortune in gold buried in a remote cemetery.",
      "Actors": "Eli Wallach, Clint Eastwood, Lee Van Cleef, Aldo Giuffrè"
   },
   {
      "Index": 10,
      "Title": "Fight Club",
      "Year": 1999,
      "Rated": "R",
      "Runtime": "139 min",
      "Genre": "Drama",
      "Director": "David Fincher",
      "Country": "USA, Germany",
      "Oscars Won": "0",
      "Poster": "https://images-na.ssl-images-amazon.com/images/M/MV5BZGY5Y2RjMmItNDg5Yy00NjUwLThjMTEtNDc2OGUzNTBiYmM1XkEyXkFqcGdeQXVyNjU0OTQ0OTY@._V1_SX300.jpg",
      "Critic (RottenTomatoes)": 79,
      "Audience (imdbRating)": 88,
      "BoxOffice (US Gross)": "37,030,012",
      "Production": "20th Century Fox",
      "Plot": "An insomniac office worker, looking for a way to change his life, crosses paths with a devil-may-care soap maker, forming an underground fight club that evolves into something much, much more.",
      "Actors": "Edward Norton, Brad Pitt, Meat Loaf, Zach Grenier"
   },
   {
      "Index": 11,
      "Title": "The Lord of the Rings: The Fellowship of the Ring",
      "Year": 2001,
      "Rated": "PG-13",
      "Runtime": "178 min",
      "Genre": "Adventure",
      "Director": "Peter Jackson",
      "Country": "New Zealand, USA",
      "Oscars Won": 4,
      "Poster": "https://images-na.ssl-images-amazon.com/images/M/MV5BN2EyZjM3NzUtNWUzMi00MTgxLWI0NTctMzY4M2VlOTdjZWRiXkEyXkFqcGdeQXVyNDUzOTQ5MjY@._V1_SX300.jpg",
      "Critic (RottenTomatoes)": 91,
      "Audience (imdbRating)": 88,
      "BoxOffice (US Gross)": "314,000,000",
      "Production": "New Line Cinema",
      "Plot": "A meek Hobbit from the Shire and eight companions set out on a journey to destroy the powerful One Ring and save Middle Earth from the Dark Lord Sauron.",
      "Actors": "Alan Howard, Noel Appleby, Sean Astin, Sala Baker"
   },
   {
      "Index": 12,
      "Title": "Forrest Gump",
      "Year": 1994,
      "Rated": "PG-13",
      "Runtime": "142 min",
      "Genre": "Comedy",
      "Director": "Robert Zemeckis",
      "Country": "USA",
      "Oscars Won": 6,
      "Poster": "https://images-na.ssl-images-amazon.com/images/M/MV5BYThjM2MwZGMtMzg3Ny00NGRkLWE4M2EtYTBiNWMzOTY0YTI4XkEyXkFqcGdeQXVyNDYyMDk5MTU@._V1_SX300.jpg",
      "Critic (RottenTomatoes)": 72,
      "Audience (imdbRating)": 88,
      "BoxOffice (US Gross)": "405,000",
      "Production": "Paramount Pictures",
      "Plot": "While not intelligent, Forrest Gump has accidentally been present at many historic moments, but his true love, Jenny Curran, eludes him.",
      "Actors": "Tom Hanks, Rebecca Williams, Sally Field, Michael Conner Humphreys"
   },
   {
      "Index": 13,
      "Title": "Star Wars: Episode V - The Empire Strikes Back",
      "Year": 1980,
      "Rated": "PG",
      "Runtime": "124 min",
      "Genre": "Action",
      "Director": "Irvin Kershner",
      "Country": "USA",
      "Oscars Won": 1,
      "Poster": "https://images-na.ssl-images-amazon.com/images/M/MV5BYmViY2M2MTYtY2MzOS00YjQ1LWIzYmEtOTBiNjhlMGM0NjZjXkEyXkFqcGdeQXVyNDYyMDk5MTU@._V1_SX300.jpg",
      "Critic (RottenTomatoes)": 94,
      "Audience (imdbRating)": 88,
      "BoxOffice (US Gross)": "4,548,170",
      "Production": "Twentieth Century Fox",
      "Plot": "After the rebels are overpowered by the Empire on their newly established base, Luke Skywalker begins Jedi training with Master Yoda. His friends accept shelter from a questionable ally as Darth Vader hunts them in a plan to capture Luke.",
      "Actors": "Mark Hamill, Harrison Ford, Carrie Fisher, Billy Dee Williams"
   },
   {
      "Index": 14,
      "Title": "Inception",
      "Year": 2010,
      "Rated": "PG-13",
      "Runtime": "148 min",
      "Genre": "Action",
      "Director": "Christopher Nolan",
      "Country": "USA, UK",
      "Oscars Won": 4,
      "Poster": "https://images-na.ssl-images-amazon.com/images/M/MV5BMjAxMzY3NjcxNF5BMl5BanBnXkFtZTcwNTI5OTM0Mw@@._V1_SX300.jpg",
      "Critic (RottenTomatoes)": 86,
      "Audience (imdbRating)": 88,
      "BoxOffice (US Gross)": "292,568,851",
      "Production": "Warner Bros. Pictures",
      "Plot": "A thief, who steals corporate secrets through use of dream-sharing technology, is given the inverse task of planting an idea into the mind of a CEO.",
      "Actors": "Leonardo DiCaprio, Joseph Gordon-Levitt, Ellen Page, Tom Hardy"
   },
   {
      "Index": 15,
      "Title": "The Lord of the Rings: The Two Towers",
      "Year": 2002,
      "Rated": "PG-13",
      "Runtime": "179 min",
      "Genre": "Adventure",
      "Director": "Peter Jackson",
      "Country": "USA, New Zealand",
      "Oscars Won": 2,
      "Poster": "https://images-na.ssl-images-amazon.com/images/M/MV5BMDY0NmI4ZjctN2VhZS00YzExLTkyZGItMTJhOTU5NTg4MDU4XkEyXkFqcGdeQXVyNjU0OTQ0OTY@._V1_SX300.jpg",
      "Critic (RottenTomatoes)": 95,
      "Audience (imdbRating)": 87,
      "BoxOffice (US Gross)": "339,700,000",
      "Production": "New Line Cinema",
      "Plot": "While Frodo and Sam edge closer to Mordor with the help of the shifty Gollum, the divided fellowship makes a stand against Sauron's new ally, Saruman, and his hordes of Isengard.",
      "Actors": "Bruce Allpress, Sean Astin, John Bach, Sala Baker"
   },
   {
      "Index": 16,
      "Title": "One Flew Over the Cuckoo's Nest",
      "Year": 1975,
      "Rated": "R",
      "Runtime": "133 min",
      "Genre": "Drama",
      "Director": "Milos Forman",
      "Country": "USA",
      "Oscars Won": 5,
      "Poster": "https://images-na.ssl-images-amazon.com/images/M/MV5BZjA0OWVhOTAtYWQxNi00YzNhLWI4ZjYtNjFjZTEyYjJlNDVlL2ltYWdlL2ltYWdlXkEyXkFqcGdeQXVyMTQxNzMzNDI@._V1_SX300.jpg",
      "Critic (RottenTomatoes)": 94,
      "Audience (imdbRating)": 87,
      "BoxOffice (US Gross)": "112,000,000",
      "Production": "United Artists",
      "Plot": "A criminal pleads insanity after getting into trouble again and once in the mental institution rebels against the oppressive nurse and rallies up the scared patients.",
      "Actors": "Michael Berryman, Peter Brocco, Dean R. Brooks, Alonzo Brown"
   },
   {
      "Index": 17,
      "Title": "Goodfellas",
      "Year": 1990,
      "Rated": "R",
      "Runtime": "146 min",
      "Genre": "Crime",
      "Director": "Martin Scorsese",
      "Country": "USA",
      "Oscars Won": 1,
      "Poster": "https://images-na.ssl-images-amazon.com/images/M/MV5BNThjMzczMjctZmIwOC00NTQ4LWJhZWItZDdhNTk5ZTdiMWFlXkEyXkFqcGdeQXVyNDYyMDk5MTU@._V1_SX300.jpg",
      "Critic (RottenTomatoes)": 96,
      "Audience (imdbRating)": 87,
      "BoxOffice (US Gross)": "46,836,394",
      "Production": "Warner Bros.",
      "Plot": "The story of Henry Hill and his life through the teen years into the years of mafia, covering his relationship with wife Karen Hill and his Mob partners Jimmy Conway and Tommy DeVitto in the Italian-American crime syndicate.",
      "Actors": "Robert De Niro, Ray Liotta, Joe Pesci, Lorraine Bracco"
   },
   {
      "Index": 18,
      "Title": "The Matrix",
      "Year": 1999,
      "Rated": "R",
      "Runtime": "136 min",
      "Genre": "Action",
      "Director": "Lana Wachowski, Lilly Wachowski",
      "Country": "USA",
      "Oscars Won": 4,
      "Poster": "https://images-na.ssl-images-amazon.com/images/M/MV5BNzQzOTk3OTAtNDQ0Zi00ZTVkLWI0MTEtMDllZjNkYzNjNTc4L2ltYWdlXkEyXkFqcGdeQXVyNjU0OTQ0OTY@._V1_SX300.jpg",
      "Critic (RottenTomatoes)": 87,
      "Audience (imdbRating)": 87,
      "BoxOffice (US Gross)": "171,479,930",
      "Production": "Warner Bros. Pictures",
      "Plot": "A computer hacker learns from mysterious rebels about the true nature of his reality and his role in the war against its controllers.",
      "Actors": "Keanu Reeves, Laurence Fishburne, Carrie-Anne Moss, Hugo Weaving"
   },
   {
      "Index": 19,
      "Title": "Seven Samurai",
      "Year": 1954,
      "Rated": "NR",
      "Runtime": "207 min",
      "Genre": "Adventure",
      "Director": "Akira Kurosawa",
      "Country": "Japan",
      "Oscars Won": "0",
      "Poster": "https://images-na.ssl-images-amazon.com/images/M/MV5BMTc5MDY1MjU5MF5BMl5BanBnXkFtZTgwNDM2OTE4MzE@._V1_SX300.jpg",
      "Critic (RottenTomatoes)": 100,
      "Audience (imdbRating)": 87,
      "BoxOffice (US Gross)": "269,061",
      "Production": "Columbia Pictures",
      "Plot": "A poor village under attack by bandits recruits seven unemployed samurai to help them defend themselves.",
      "Actors": "Toshirô Mifune, Takashi Shimura, Keiko Tsushima, Yukiko Shimazaki"
   },
   {
      "Index": 20,
      "Title": "Star Wars: Episode IV - A New Hope",
      "Year": 1977,
      "Rated": "PG",
      "Runtime": "121 min",
      "Genre": "Action",
      "Director": "George Lucas",
      "Country": "USA",
      "Oscars Won": 6,
      "Poster": "https://images-na.ssl-images-amazon.com/images/M/MV5BYzQ2OTk4N2QtOGQwNy00MmI3LWEwNmEtOTk0OTY3NDk2MGJkL2ltYWdlL2ltYWdlXkEyXkFqcGdeQXVyNjc1NTYyMjg@._V1_SX300.jpg",
      "Critic (RottenTomatoes)": 93,
      "Audience (imdbRating)": 87,
      "BoxOffice (US Gross)": "322,740,140",
      "Production": "20th Century Fox",
      "Plot": "Luke Skywalker joins forces with a Jedi Knight, a cocky pilot, a wookiee and two droids to save the galaxy from the Empire's world-destroying battle-station, while also attempting to rescue Princess Leia from the evil Darth Vader.",
      "Actors": "Mark Hamill, Harrison Ford, Carrie Fisher, Peter Cushing"
   },
   {
      "Index": 21,
      "Title": "City of God",
      "Year": 2002,
      "Rated": "R",
      "Runtime": "130 min",
      "Genre": "Crime",
      "Director": "Fernando Meirelles, Kátia Lund",
      "Country": "Brazil, France",
      "Oscars Won": "0",
      "Poster": "https://images-na.ssl-images-amazon.com/images/M/MV5BNDJiNTEwMjMtOGQ1ZC00OTczLWFjZjctZWQ0MGJjZmFkMjcwXkEyXkFqcGdeQXVyNjU0OTQ0OTY@._V1_SX300.jpg",
      "Critic (RottenTomatoes)": 91,
      "Audience (imdbRating)": 87,
      "BoxOffice (US Gross)": "7,563,397",
      "Production": "Miramax Films",
      "Plot": "Two boys growing up in a violent neighborhood of Rio de Janeiro take different paths: one becomes a photographer, the other a drug dealer.",
      "Actors": "Alexandre Rodrigues, Leandro Firmino, Phellipe Haagensen, Douglas Silva"
   },
   {
      "Index": 22,
      "Title": "Se7en",
      "Year": 1995,
      "Rated": "R",
      "Runtime": "127 min",
      "Genre": "Crime",
      "Director": "David Fincher",
      "Country": "USA",
      "Oscars Won": "0",
      "Poster": "https://images-na.ssl-images-amazon.com/images/M/MV5BOTUwODM5MTctZjczMi00OTk4LTg3NWUtNmVhMTAzNTNjYjcyXkEyXkFqcGdeQXVyNjU0OTQ0OTY@._V1_SX300.jpg",
      "Critic (RottenTomatoes)": 80,
      "Audience (imdbRating)": 86,
      "BoxOffice (US Gross)": "100,125,643",
      "Production": "New Line Cinema",
      "Plot": "Two detectives, a rookie and a veteran, hunt a serial killer who uses the seven deadly sins as his motives.",
      "Actors": "Morgan Freeman, Andrew Kevin Walker, Kevin Spacey, Daniel Zacapa"
   },
   {
      "Index": 23,
      "Title": "The Silence of the Lambs",
      "Year": 1991,
      "Rated": "R",
      "Runtime": "118 min",
      "Genre": "Crime",
      "Director": "Jonathan Demme",
      "Country": "USA",
      "Oscars Won": 5,
      "Poster": "https://images-na.ssl-images-amazon.com/images/M/MV5BNjNhZTk0ZmEtNjJhMi00YzFlLWE1MmEtYzM1M2ZmMGMwMTU4XkEyXkFqcGdeQXVyNjU0OTQ0OTY@._V1_SX300.jpg",
      "Critic (RottenTomatoes)": 95,
      "Audience (imdbRating)": 86,
      "BoxOffice (US Gross)": "130,742,922",
      "Production": "Orion Pictures Corporation",
      "Plot": "A young F.B.I. cadet must confide in an incarcerated and manipulative killer to receive his help on catching another serial killer who skins his victims.",
      "Actors": "Jodie Foster, Lawrence A. Bonney, Kasi Lemmons, Lawrence T. Wrentz"
   },
   {
      "Index": 24,
      "Title": "It's a Wonderful Life",
      "Year": 1946,
      "Rated": "PG",
      "Runtime": "130 min",
      "Genre": "Drama",
      "Director": "Frank Capra",
      "Country": "USA",
      "Oscars Won": "0",
      "Poster": "https://images-na.ssl-images-amazon.com/images/M/MV5BMTMzMzY5NDc4M15BMl5BanBnXkFtZTcwMzc4NjIxNw@@._V1_SX300.jpg",
      "Critic (RottenTomatoes)": 94,
      "Audience (imdbRating)": 86,
      "BoxOffice (US Gross)": "7,270,000",
      "Production": "Liberty Films",
      "Plot": "An angel is sent from Heaven to help a desperately frustrated businessman by showing him what life would have been like if he had never existed.",
      "Actors": "James Stewart, Donna Reed, Lionel Barrymore, Thomas Mitchell"
   },
   {
      "Index": 25,
      "Title": "Life Is Beautiful",
      "Year": 1997,
      "Rated": "PG-13",
      "Runtime": "116 min",
      "Genre": "Comedy",
      "Director": "Roberto Benigni",
      "Country": "Italy",
      "Oscars Won": 3,
      "Poster": "https://images-na.ssl-images-amazon.com/images/M/MV5BYmJmM2Q4NmMtYThmNC00ZjRlLWEyZmItZTIwOTBlZDQ3NTQ1XkEyXkFqcGdeQXVyMTQxNzMzNDI@._V1_SX300.jpg",
      "Critic (RottenTomatoes)": 80,
      "Audience (imdbRating)": 86,
      "BoxOffice (US Gross)": "57,598,247",
      "Production": "Miramax",
      "Plot": "When an open-minded Jewish librarian and his son become victims of the Holocaust, he uses a perfect mixture of will, humor and imagination to protect his son from the dangers around their camp.",
      "Actors": "Roberto Benigni, Nicoletta Braschi, Giorgio Cantarini, Giustino Durano"
   },
   {
      "Index": 26,
      "Title": "The Usual Suspects",
      "Year": 1995,
      "Rated": "R",
      "Runtime": "106 min",
      "Genre": "Crime",
      "Director": "Bryan Singer",
      "Country": "USA, Germany",
      "Oscars Won": 2,
      "Poster": "https://images-na.ssl-images-amazon.com/images/M/MV5BYTViNjMyNmUtNDFkNC00ZDRlLThmMDUtZDU2YWE4NGI2ZjVmXkEyXkFqcGdeQXVyNjU0OTQ0OTY@._V1_SX300.jpg",
      "Critic (RottenTomatoes)": 88,
      "Audience (imdbRating)": 86,
      "BoxOffice (US Gross)": "23,341,568",
      "Production": "Gramercy Pictures",
      "Plot": "A sole survivor tells of the twisty events leading up to a horrific gun battle on a boat, which began when five criminals met at a seemingly random police lineup.",
      "Actors": "Stephen Baldwin, Gabriel Byrne, Benicio Del Toro, Kevin Pollak"
   },
   {
      "Index": 27,
      "Title": "Léon: The Professional",
      "Year": 1994,
      "Rated": "R",
      "Runtime": "110 min",
      "Genre": "Crime",
      "Director": "Luc Besson",
      "Country": "France",
      "Oscars Won": "0",
      "Poster": "https://images-na.ssl-images-amazon.com/images/M/MV5BMjdjMGU3MGYtN2Y5ZC00MTE4LWE4YWQtMTBhMjc3MTk0ZDUwXkEyXkFqcGdeQXVyNjU0OTQ0OTY@._V1_SX300.jpg",
      "Critic (RottenTomatoes)": 71,
      "Audience (imdbRating)": 86,
      "BoxOffice (US Gross)": "19,501,238",
      "Production": "Columbia Pictures",
      "Plot": "Mathilda, a 12-year-old girl, is reluctantly taken in by Léon, a professional assassin, after her family is murdered. Léon and Mathilda form an unusual relationship, as she becomes his protégée and learns the assassin's trade.",
      "Actors": "Jean Reno, Gary Oldman, Natalie Portman, Danny Aiello"
   },
   {
      "Index": 28,
      "Title": "Saving Private Ryan",
      "Year": 1998,
      "Rated": "R",
      "Runtime": "169 min",
      "Genre": "Drama",
      "Director": "Steven Spielberg",
      "Country": "USA",
      "Oscars Won": 5,
      "Poster": "https://images-na.ssl-images-amazon.com/images/M/MV5BZjhkMDM4MWItZTVjOC00ZDRhLThmYTAtM2I5NzBmNmNlMzI1XkEyXkFqcGdeQXVyNDYyMDk5MTU@._V1_SX300.jpg",
      "Critic (RottenTomatoes)": 92,
      "Audience (imdbRating)": 86,
      "BoxOffice (US Gross)": "261,540,909",
      "Production": "Paramount Pictures",
      "Plot": "Following the Normandy Landings, a group of U.S. soldiers go behind enemy lines to retrieve a paratrooper whose brothers have been killed in action.",
      "Actors": "Tom Hanks, Tom Sizemore, Edward Burns, Barry Pepper"
   },
   {
      "Index": 29,
      "Title": "Spirited Away",
      "Year": 2001,
      "Rated": "PG",
      "Runtime": "125 min",
      "Genre": "Animation",
      "Director": "Hayao Miyazaki",
      "Country": "Japan",
      "Oscars Won": 1,
      "Poster": "https://images-na.ssl-images-amazon.com/images/M/MV5BOGJjNzZmMmUtMjljNC00ZjU5LWJiODQtZmEzZTU0MjBlNzgxL2ltYWdlXkEyXkFqcGdeQXVyNTAyODkwOQ@@._V1_SX300.jpg",
      "Critic (RottenTomatoes)": 97,
      "Audience (imdbRating)": 86,
      "BoxOffice (US Gross)": "9,855,615",
      "Production": "Walt Disney Pictures",
      "Plot": "During her family's move to the suburbs, a sullen 10-year-old girl wanders into a world ruled by gods, witches, and spirits, and where humans are changed into beasts.",
      "Actors": "Rumi Hiiragi, Miyu Irino, Mari Natsuki, Takashi Naitô"
   },
   {
      "Index": 30,
      "Title": "Once Upon a Time in the West",
      "Year": 1968,
      "Rated": "PG-13",
      "Runtime": "164 min",
      "Genre": "Western",
      "Director": "Sergio Leone",
      "Country": "Italy, USA",
      "Oscars Won": "0",
      "Poster": "https://images-na.ssl-images-amazon.com/images/M/MV5BNTVhNzQ1ZmQtZDY4Ny00ODgwLWIwZTUtODhmOTY3NTQ2MWQ5XkEyXkFqcGdeQXVyNjUwNzk3NDc@._V1_SX300.jpg",
      "Critic (RottenTomatoes)": 98,
      "Audience (imdbRating)": 86,
      "BoxOffice (US Gross)": "5,321,508",
      "Production": "Paramount Pictures",
      "Plot": "A mysterious stranger with a harmonica joins forces with a notorious desperado to protect a beautiful widow from a ruthless assassin working for the railroad.",
      "Actors": "Claudia Cardinale, Henry Fonda, Jason Robards, Charles Bronson"
   },
   {
      "Index": 31,
      "Title": "American History X",
      "Year": 1998,
      "Rated": "R",
      "Runtime": "119 min",
      "Genre": "Crime",
      "Director": "Tony Kaye",
      "Country": "USA",
      "Oscars Won": "0",
      "Poster": "https://images-na.ssl-images-amazon.com/images/M/MV5BZjA0MTM4MTQtNzY5MC00NzY3LWI1ZTgtYzcxMjkyMzU4MDZiXkEyXkFqcGdeQXVyNDYyMDk5MTU@._V1_SX300.jpg",
      "Critic (RottenTomatoes)": 83,
      "Audience (imdbRating)": 85,
      "BoxOffice (US Gross)": "6,719,864",
      "Production": "New Line Cinema",
      "Plot": "A former neo-nazi skinhead tries to prevent his younger brother from going down the same wrong path that he did.",
      "Actors": "Edward Norton, Edward Furlong, Beverly D'Angelo, Jennifer Lien"
   },
   {
      "Index": 32,
      "Title": "Interstellar",
      "Year": 2014,
      "Rated": "PG-13",
      "Runtime": "169 min",
      "Genre": "Adventure",
      "Director": "Christopher Nolan",
      "Country": "USA, UK, Canada, Iceland",
      "Oscars Won": 1,
      "Poster": "https://images-na.ssl-images-amazon.com/images/M/MV5BMjIxNTU4MzY4MF5BMl5BanBnXkFtZTgwMzM4ODI3MjE@._V1_SX300.jpg",
      "Critic (RottenTomatoes)": 71,
      "Audience (imdbRating)": 86,
      "BoxOffice (US Gross)": "158,737,441",
      "Production": "Paramount Pictures",
      "Plot": "A team of explorers travel through a wormhole in space in an attempt to ensure humanity's survival.",
      "Actors": "Ellen Burstyn, Matthew McConaughey, Mackenzie Foy, John Lithgow"
   },
   {
      "Index": 33,
      "Title": "Psycho",
      "Year": 1960,
      "Rated": "NR",
      "Runtime": "109 min",
      "Genre": "Horror",
      "Director": "Alfred Hitchcock",
      "Country": "USA",
      "Oscars Won": "0",
      "Poster": "https://images-na.ssl-images-amazon.com/images/M/MV5BOWQ0MjRmZmUtY2Q2Yi00ODcxLWE4NGMtMTNjMDY1YmUzMjVkXkEyXkFqcGdeQXVyNjc1NTYyMjg@._V1_SX300.jpg",
      "Critic (RottenTomatoes)": 97,
      "Audience (imdbRating)": 85,
      "BoxOffice (US Gross)": "32,000,000",
      "Production": "Paramount Pictures",
      "Plot": "A Phoenix secretary embezzles $40,000 from her employer's client, goes on the run, and checks into a remote motel run by a young man under the domination of his mother.",
      "Actors": "Anthony Perkins, Vera Miles, John Gavin, Janet Leigh"
   },
   {
      "Index": 34,
      "Title": "Casablanca",
      "Year": 1942,
      "Rated": "PG",
      "Runtime": "102 min",
      "Genre": "Drama",
      "Director": "Michael Curtiz",
      "Country": "USA",
      "Oscars Won": 3,
      "Poster": "https://images-na.ssl-images-amazon.com/images/M/MV5BY2IzZGY2YmEtYzljNS00NTM5LTgwMzUtMzM1NjQ4NGI0OTk0XkEyXkFqcGdeQXVyNDYyMDk5MTU@._V1_SX300.jpg",
      "Critic (RottenTomatoes)": 97,
      "Audience (imdbRating)": 85,
      "BoxOffice (US Gross)": "1,024,560",
      "Production": "Warner Bros. Pictures",
      "Plot": "In Casablanca in December 1941, a cynical American expatriate encounters a former lover, with unforeseen complications.",
      "Actors": "Humphrey Bogart, Ingrid Bergman, Paul Henreid, Claude Rains"
   },
   {
      "Index": 35,
      "Title": "City Lights",
      "Year": 1931,
      "Rated": "G",
      "Runtime": "87 min",
      "Genre": "Comedy",
      "Director": "Charles Chaplin",
      "Country": "USA",
      "Oscars Won": "0",
      "Poster": "https://images-na.ssl-images-amazon.com/images/M/MV5BZDRjMmI3ZjgtMGE3Mi00NjY5LTg0NWMtMmU3YzgyMjhmMjIzL2ltYWdlXkEyXkFqcGdeQXVyNTAyODkwOQ@@._V1_SX300.jpg",
      "Critic (RottenTomatoes)": 98,
      "Audience (imdbRating)": 86,
      "BoxOffice (US Gross)": "19,181",
      "Production": "Twentieth Century Fox Home Entertainment",
      "Plot": "With the aid of a wealthy erratic tippler, a dewy-eyed tramp who has fallen in love with a sightless flower girl accumulates money to be able to help her medically.",
      "Actors": "Virginia Cherrill, Florence Lee, Harry Myers, Al Ernest Garcia"
   },
   {
      "Index": 36,
      "Title": "The Green Mile",
      "Year": 1999,
      "Rated": "R",
      "Runtime": "189 min",
      "Genre": "Crime",
      "Director": "Frank Darabont",
      "Country": "USA",
      "Oscars Won": "0",
      "Poster": "https://images-na.ssl-images-amazon.com/images/M/MV5BMTUxMzQyNjA5MF5BMl5BanBnXkFtZTYwOTU2NTY3._V1_SX300.jpg",
      "Critic (RottenTomatoes)": 80,
      "Audience (imdbRating)": 85,
      "BoxOffice (US Gross)": "136,801,374",
      "Production": "Warner Bros. Pictures",
      "Plot": "The lives of guards on Death Row are affected by one of their charges: a black man accused of child murder and rape, yet who has a mysterious gift.",
      "Actors": "Tom Hanks, David Morse, Michael Clarke Duncan, Bonnie Hunt"
   },
   {
      "Index": 37,
      "Title": "The Intouchables",
      "Year": 2011,
      "Rated": "R",
      "Runtime": "112 min",
      "Genre": "Biography",
      "Director": "Olivier Nakache, Eric Toledano",
      "Country": "France",
      "Oscars Won": "0",
      "Poster": "https://images-na.ssl-images-amazon.com/images/M/MV5BMTYxNDA3MDQwNl5BMl5BanBnXkFtZTcwNTU4Mzc1Nw@@._V1_SX300.jpg",
      "Critic (RottenTomatoes)": 74,
      "Audience (imdbRating)": 86,
      "BoxOffice (US Gross)": "13,179,837",
      "Production": "The Weinstein Company",
      "Plot": "After he becomes a quadriplegic from a paragliding accident, an aristocrat hires a young man from the projects to be his caregiver.",
      "Actors": "François Cluzet, Omar Sy, Anne Le Ny, Audrey Fleurot"
   },
   {
      "Index": 38,
      "Title": "Modern Times",
      "Year": 1936,
      "Rated": "G",
      "Runtime": "87 min",
      "Genre": "Comedy",
      "Director": "Charles Chaplin",
      "Country": "USA",
      "Oscars Won": "0",
      "Poster": "https://images-na.ssl-images-amazon.com/images/M/MV5BYjJiZjMzYzktNjU0NS00OTkxLWEwYzItYzdhYWJjN2QzMTRlL2ltYWdlL2ltYWdlXkEyXkFqcGdeQXVyNjU0OTQ0OTY@._V1_SX300.jpg",
      "Critic (RottenTomatoes)": 100,
      "Audience (imdbRating)": 85,
      "BoxOffice (US Gross)": "163,245",
      "Production": "United Artists",
      "Plot": "The Tramp struggles to live in modern industrial society with the help of a young homeless woman.",
      "Actors": "Charles Chaplin, Paulette Goddard, Henry Bergman, Tiny Sandford"
   },
   {
      "Index": 39,
      "Title": "Raiders of the Lost Ark",
      "Year": 1981,
      "Rated": "PG",
      "Runtime": "115 min",
      "Genre": "Action",
      "Director": "Steven Spielberg",
      "Country": "USA",
      "Oscars Won": 4,
      "Poster": "https://images-na.ssl-images-amazon.com/images/M/MV5BMjA0ODEzMTc1Nl5BMl5BanBnXkFtZTcwODM2MjAxNA@@._V1_SX300.jpg",
      "Critic (RottenTomatoes)": 94,
      "Audience (imdbRating)": 85,
      "BoxOffice (US Gross)": "248,159,971",
      "Production": "Paramount Pictures",
      "Plot": "Archaeologist and adventurer Indiana Jones is hired by the U.S. government to find the Ark of the Covenant before the Nazis.",
      "Actors": "Harrison Ford, Karen Allen, Paul Freeman, Ronald Lacey"
   },
   {
      "Index": 40,
      "Title": "Rear Window",
      "Year": 1954,
      "Rated": "NR",
      "Runtime": "112 min",
      "Genre": "Mystery",
      "Director": "Alfred Hitchcock",
      "Country": "USA",
      "Oscars Won": "0",
      "Poster": "https://images-na.ssl-images-amazon.com/images/M/MV5BNGUxYWM3M2MtMGM3Mi00ZmRiLWE0NGQtZjE5ODI2OTJhNTU0XkEyXkFqcGdeQXVyMTQxNzMzNDI@._V1_SX300.jpg",
      "Critic (RottenTomatoes)": 100,
      "Audience (imdbRating)": 85,
      "BoxOffice (US Gross)": "36,764,313",
      "Production": "Paramount Pictures",
      "Plot": "A wheelchair-bound photographer spies on his neighbours from his apartment window and becomes convinced one of them has committed murder.",
      "Actors": "James Stewart, Grace Kelly, Wendell Corey, Thelma Ritter"
   },
   {
      "Index": 41,
      "Title": "The Pianist",
      "Year": 2002,
      "Rated": "R",
      "Runtime": "150 min",
      "Genre": "Biography",
      "Director": "Roman Polanski",
      "Country": "France, Poland, Germany, UK",
      "Oscars Won": 3,
      "Poster": "https://images-na.ssl-images-amazon.com/images/M/MV5BOWRiZDIxZjktMTA1NC00MDQ2LWEzMjUtMTliZmY3NjQ3ODJiXkEyXkFqcGdeQXVyNjU0OTQ0OTY@._V1_SX300.jpg",
      "Critic (RottenTomatoes)": 95,
      "Audience (imdbRating)": 85,
      "BoxOffice (US Gross)": "32,519,322",
      "Production": "Focus Features",
      "Plot": "A Polish Jewish musician struggles to survive the destruction of the Warsaw ghetto of World War II.",
      "Actors": "Adrien Brody, Emilia Fox, Michal Zebrowski, Ed Stoppard"
   },
   {
      "Index": 42,
      "Title": "The Departed",
      "Year": 2006,
      "Rated": "R",
      "Runtime": "151 min",
      "Genre": "Crime",
      "Director": "Martin Scorsese",
      "Country": "USA, Hong Kong",
      "Oscars Won": 4,
      "Poster": "https://images-na.ssl-images-amazon.com/images/M/MV5BMTI1MTY2OTIxNV5BMl5BanBnXkFtZTYwNjQ4NjY3._V1_SX300.jpg",
      "Critic (RottenTomatoes)": 90,
      "Audience (imdbRating)": 85,
      "BoxOffice (US Gross)": "132,300,000",
      "Production": "Warner Bros. Pictures",
      "Plot": "An undercover cop and a mole in the police attempt to identify each other while infiltrating an Irish gang in South Boston.",
      "Actors": "Leonardo DiCaprio, Matt Damon, Jack Nicholson, Mark Wahlberg"
   },
   {
      "Index": 43,
      "Title": "Terminator 2: Judgment Day",
      "Year": 1991,
      "Rated": "R",
      "Runtime": "137 min",
      "Genre": "Action",
      "Director": "James Cameron",
      "Country": "USA, France",
      "Oscars Won": 4,
      "Poster": "https://images-na.ssl-images-amazon.com/images/M/MV5BMGU2NzRmZjUtOGUxYS00ZjdjLWEwZWItY2NlM2JhNjkxNTFmXkEyXkFqcGdeQXVyNjU0OTQ0OTY@._V1_SX300.jpg",
      "Critic (RottenTomatoes)": 93,
      "Audience (imdbRating)": 85,
      "BoxOffice (US Gross)": "198,116,802",
      "Production": "TriStar Pictures",
      "Plot": "A cyborg, identical to the one who failed to kill Sarah Connor, must now protect her ten year old son, John Connor, from a more advanced cyborg.",
      "Actors": "Arnold Schwarzenegger, Linda Hamilton, Edward Furlong, Robert Patrick"
   },
   {
      "Index": 44,
      "Title": "Back to the Future",
      "Year": 1985,
      "Rated": "PG",
      "Runtime": "116 min",
      "Genre": "Adventure",
      "Director": "Robert Zemeckis",
      "Country": "USA",
      "Oscars Won": 1,
      "Poster": "https://images-na.ssl-images-amazon.com/images/M/MV5BZmU0M2Y1OGUtZjIxNi00ZjBkLTg1MjgtOWIyNThiZWIwYjRiXkEyXkFqcGdeQXVyMTQxNzMzNDI@._V1_SX300.jpg",
      "Critic (RottenTomatoes)": 96,
      "Audience (imdbRating)": 85,
      "BoxOffice (US Gross)": "2,925,880",
      "Production": "Universal Pictures",
      "Plot": "Marty McFly, a 17-year-old high school student, is accidentally sent 30 years into the past in a time-traveling DeLorean invented by his close friend, the maverick scientist Doc Brown.",
      "Actors": "Michael J. Fox, Christopher Lloyd, Lea Thompson, Crispin Glover"
   },
   {
      "Index": 45,
      "Title": "Whiplash",
      "Year": 2014,
      "Rated": "R",
      "Runtime": "107 min",
      "Genre": "Drama",
      "Director": "Damien Chazelle",
      "Country": "USA",
      "Oscars Won": 3,
      "Poster": "https://images-na.ssl-images-amazon.com/images/M/MV5BOTVhMWQ5MDktMGE3OS00MjVlLWExZWYtMzY2MTg4ZGFiZDQ5L2ltYWdlXkEyXkFqcGdeQXVyNjU0OTQ0OTY@._V1_SX300.jpg",
      "Critic (RottenTomatoes)": 94,
      "Audience (imdbRating)": 85,
      "BoxOffice (US Gross)": "13,092,000",
      "Production": "Sony Pictures Classics",
      "Plot": "A promising young drummer enrolls at a cut-throat music conservatory where his dreams of greatness are mentored by an instructor who will stop at nothing to realize a student's potential.",
      "Actors": "Miles Teller, J.K. Simmons, Paul Reiser, Melissa Benoist"
   },
   {
      "Index": 46,
      "Title": "Gladiator",
      "Year": 2000,
      "Rated": "R",
      "Runtime": "155 min",
      "Genre": "Action",
      "Director": "Ridley Scott",
      "Country": "USA, UK",
      "Oscars Won": 5,
      "Poster": "https://images-na.ssl-images-amazon.com/images/M/MV5BMDliMmNhNDEtODUyOS00MjNlLTgxODEtN2U3NzIxMGVkZTA1L2ltYWdlXkEyXkFqcGdeQXVyNjU0OTQ0OTY@._V1_SX300.jpg",
      "Critic (RottenTomatoes)": 76,
      "Audience (imdbRating)": 85,
      "BoxOffice (US Gross)": "187,705,427",
      "Production": "Dreamworks Distribution LLC",
      "Plot": "When a Roman general is betrayed and his family murdered by an emperor's corrupt son, he comes to Rome as a gladiator to seek revenge.",
      "Actors": "Russell Crowe, Joaquin Phoenix, Connie Nielsen, Oliver Reed"
   },
   {
      "Index": 47,
      "Title": "Memento",
      "Year": 2000,
      "Rated": "R",
      "Runtime": "113 min",
      "Genre": "Mystery",
      "Director": "Christopher Nolan",
      "Country": "USA",
      "Oscars Won": "0",
      "Poster": "https://images-na.ssl-images-amazon.com/images/M/MV5BZTcyNjk1MjgtOWI3Mi00YzQwLWI5MTktMzY4ZmI2NDAyNzYzXkEyXkFqcGdeQXVyNjU0OTQ0OTY@._V1_SX300.jpg",
      "Critic (RottenTomatoes)": 92,
      "Audience (imdbRating)": 85,
      "BoxOffice (US Gross)": "23,844,220",
      "Production": "Newmarket Films",
      "Plot": "A man juggles searching for his wife's murderer and keeping his short-term memory loss from being an obstacle.",
      "Actors": "Guy Pearce, Carrie-Anne Moss, Joe Pantoliano, Mark Boone Junior"
   },
   {
      "Index": 48,
      "Title": "The Prestige",
      "Year": 2006,
      "Rated": "PG-13",
      "Runtime": "130 min",
      "Genre": "Drama",
      "Director": "Christopher Nolan",
      "Country": "USA, UK",
      "Oscars Won": "0",
      "Poster": "https://images-na.ssl-images-amazon.com/images/M/MV5BMjA4NDI0MTIxNF5BMl5BanBnXkFtZTYwNTM0MzY2._V1_SX300.jpg",
      "Critic (RottenTomatoes)": 75,
      "Audience (imdbRating)": 85,
      "BoxOffice (US Gross)": "53,100,000",
      "Production": "Buena Vista Pictures",
      "Plot": "Two stage magicians engage in competitive one-upmanship in an attempt to create the ultimate stage illusion.",
      "Actors": "Hugh Jackman, Christian Bale, Michael Caine, Piper Perabo"
   },
   {
      "Index": 49,
      "Title": "The Lion King",
      "Year": 1994,
      "Rated": "G",
      "Runtime": "88 min",
      "Genre": "Animation",
      "Director": "Roger Allers, Rob Minkoff",
      "Country": "USA",
      "Oscars Won": 2,
      "Poster": "https://images-na.ssl-images-amazon.com/images/M/MV5BYTYxNGMyZTYtMjE3MS00MzNjLWFjNmYtMDk3N2FmM2JiM2M1XkEyXkFqcGdeQXVyNjY5NDU4NzI@._V1_SX300.jpg",
      "Critic (RottenTomatoes)": 92,
      "Audience (imdbRating)": 85,
      "BoxOffice (US Gross)": "94,240,635",
      "Production": "Buena Vista",
      "Plot": "Lion cub and future king Simba searches for his identity. His eagerness to please others and penchant for testing his boundaries sometimes gets him into trouble.",
      "Actors": "Rowan Atkinson, Matthew Broderick, Niketa Calame, Jim Cummings"
   },
   {
      "Index": 50,
      "Title": "Apocalypse Now",
      "Year": 1979,
      "Rated": "R",
      "Runtime": "153 min",
      "Genre": "Drama",
      "Director": "Francis Ford Coppola",
      "Country": "USA",
      "Oscars Won": 2,
      "Poster": "https://images-na.ssl-images-amazon.com/images/M/MV5BMDg1MDgzMmQtNDhlYS00MzZiLTllZGItNzliZTE1ODBiZDQwXkEyXkFqcGdeQXVyNjU0OTQ0OTY@._V1_SX300.jpg",
      "Critic (RottenTomatoes)": 96,
      "Audience (imdbRating)": 85,
      "BoxOffice (US Gross)": "83,471,511",
      "Production": "United Artists",
      "Plot": "During the Vietnam War, Captain Willard is sent on a dangerous mission into Cambodia to assassinate a renegade colonel who has set himself up as a god among a local tribe.",
      "Actors": "Marlon Brando, Martin Sheen, Robert Duvall, Frederic Forrest"
   },
   {
      "Index": 51,
      "Title": "Alien",
      "Year": 1979,
      "Rated": "R",
      "Runtime": "117 min",
      "Genre": "Horror",
      "Director": "Ridley Scott",
      "Country": "UK, USA",
      "Oscars Won": 1,
      "Poster": "https://images-na.ssl-images-amazon.com/images/M/MV5BNDNhN2IxZWItNGEwYS00ZDNhLThiM2UtODU3NWJlZjBkYjQxXkEyXkFqcGdeQXVyMTQxNzMzNDI@._V1_SX300.jpg",
      "Critic (RottenTomatoes)": 97,
      "Audience (imdbRating)": 85,
      "BoxOffice (US Gross)": "78,900,000",
      "Production": "20th Century Fox",
      "Plot": "After a space merchant vessel perceives an unknown transmission as a distress call, its landing on the source moon finds one of the crew attacked by a mysterious life-form, and they soon realize that its life cycle has merely begun.",
      "Actors": "Tom Skerritt, Sigourney Weaver, Veronica Cartwright, Harry Dean Stanton"
   },
   {
      "Index": 52,
      "Title": "Sunset Boulevard",
      "Year": 1950,
      "Rated": "NR",
      "Runtime": "110 min",
      "Genre": "Drama",
      "Director": "Billy Wilder",
      "Country": "USA",
      "Oscars Won": 3,
      "Poster": "https://images-na.ssl-images-amazon.com/images/M/MV5BMTU0NTkyNzYwMF5BMl5BanBnXkFtZTgwMDU0NDk5MTI@._V1_SX300.jpg",
      "Critic (RottenTomatoes)": 98,
      "Audience (imdbRating)": 85,
      "BoxOffice (US Gross)": "5,000,000",
      "Production": "Paramount Pictures",
      "Plot": "A screenwriter is hired to rework a faded silent film star's script only to find himself developing a dangerous relationship.",
      "Actors": "William Holden, Gloria Swanson, Erich von Stroheim, Nancy Olson"
   },
   {
      "Index": 53,
      "Title": "Dr. Strangelove or: How I Learned to Stop Worrying and Love the Bomb",
      "Year": 1964,
      "Rated": "PG",
      "Runtime": "95 min",
      "Genre": "Comedy",
      "Director": "Stanley Kubrick",
      "Country": "USA, UK",
      "Oscars Won": "0",
      "Poster": "https://images-na.ssl-images-amazon.com/images/M/MV5BMTU2ODM2NTkxNF5BMl5BanBnXkFtZTcwOTMwMzU3Mg@@._V1_SX300.jpg",
      "Critic (RottenTomatoes)": 99,
      "Audience (imdbRating)": 85,
      "BoxOffice (US Gross)": "9,440,272",
      "Production": "Sony Pictures",
      "Plot": "An insane general triggers a path to nuclear holocaust that a war room full of politicians and generals frantically try to stop.",
      "Actors": "Peter Sellers, George C. Scott, Sterling Hayden, Keenan Wynn"
   },
   {
      "Index": 54,
      "Title": "The Great Dictator",
      "Year": 1940,
      "Rated": "NR",
      "Runtime": "125 min",
      "Genre": "Comedy",
      "Director": "Charles Chaplin",
      "Country": "USA",
      "Oscars Won": "0",
      "Poster": "https://images-na.ssl-images-amazon.com/images/M/MV5BMmExYWJjNTktNGUyZS00ODhmLTkxYzAtNWIzOGEyMGNiMmUwXkEyXkFqcGdeQXVyNjU0OTQ0OTY@._V1_SX300.jpg",
      "Critic (RottenTomatoes)": 92,
      "Audience (imdbRating)": 85,
      "BoxOffice (US Gross)": "5,000,000",
      "Production": "Criterion Collection",
      "Plot": "Dictator Adenoid Hynkel tries to expand his empire while a poor Jewish barber tries to avoid persecution from Hynkel's regime.",
      "Actors": "Charles Chaplin, Jack Oakie, Reginald Gardiner, Henry Daniell"
   },
   {
      "Index": 55,
      "Title": "Cinema Paradiso",
      "Year": 1988,
      "Rated": "R",
      "Runtime": "155 min",
      "Genre": "Drama",
      "Director": "Giuseppe Tornatore",
      "Country": "Italy, France",
      "Oscars Won": 1,
      "Poster": "https://images-na.ssl-images-amazon.com/images/M/MV5BM2FhYjEyYmYtMDI1Yy00YTdlLWI2NWQtYmEzNzAxOGY1NjY2XkEyXkFqcGdeQXVyNTA3NTIyNDg@._V1_SX300.jpg",
      "Critic (RottenTomatoes)": 90,
      "Audience (imdbRating)": 85,
      "BoxOffice (US Gross)": "239,630",
      "Production": "Miramax Films",
      "Plot": "A filmmaker recalls his childhood, when he fell in love with the movies at his village's theater and formed a deep friendship with the theater's projectionist.",
      "Actors": "Antonella Attili, Enzo Cannavale, Isa Danieli, Leo Gullotta"
   },
   {
      "Index": 56,
      "Title": "The Lives of Others",
      "Year": 2006,
      "Rated": "R",
      "Runtime": "137 min",
      "Genre": "Drama",
      "Director": "Florian Henckel von Donnersmarck",
      "Country": "Germany",
      "Oscars Won": 1,
      "Poster": "https://images-na.ssl-images-amazon.com/images/M/MV5BNDUzNjYwNDYyNl5BMl5BanBnXkFtZTcwNjU3ODQ0MQ@@._V1_SX300.jpg",
      "Critic (RottenTomatoes)": 92,
      "Audience (imdbRating)": 85,
      "BoxOffice (US Gross)": "11,200,000",
      "Production": "Sony Pictures Classics",
      "Plot": "In 1984 East Berlin, an agent of the secret police, conducting surveillance on a writer and his lover, finds himself becoming increasingly absorbed by their lives.",
      "Actors": "Martina Gedeck, Ulrich Mühe, Sebastian Koch, Ulrich Tukur"
   },
   {
      "Index": 57,
      "Title": "Grave of the Fireflies",
      "Year": 1988,
      "Rated": "NR",
      "Runtime": "89 min",
      "Genre": "Animation",
      "Director": "Isao Takahata",
      "Country": "Japan",
      "Oscars Won": "0",
      "Poster": "https://images-na.ssl-images-amazon.com/images/M/MV5BZjEwNDVhZjMtYzA1MS00ZWUxLThjOGUtZTliNGZiNGYyMjA3XkEyXkFqcGdeQXVyNjU0OTQ0OTY@._V1_SX300.jpg",
      "Critic (RottenTomatoes)": 97,
      "Audience (imdbRating)": 85,
      "BoxOffice (US Gross)": "5,000,000",
      "Production": "Shinchosha Company",
      "Plot": "A young boy and his little sister struggle to survive in Japan during World War II.",
      "Actors": "Tsutomu Tatsumi, Ayano Shiraishi, Yoshiko Shinohara, Akemi Yamaguchi"
   },
   {
      "Index": 58,
      "Title": "Paths of Glory",
      "Year": 1957,
      "Rated": "NR",
      "Runtime": "88 min",
      "Genre": "Drama",
      "Director": "Stanley Kubrick",
      "Country": "USA",
      "Oscars Won": "0",
      "Poster": "https://images-na.ssl-images-amazon.com/images/M/MV5BMDdkYzE5ODYtMmIwZi00MDgzLTk1YWEtZTcwNGRmMzAwNDMzXkEyXkFqcGdeQXVyNDQzMDg4Nzk@._V1_SX300.jpg",
      "Critic (RottenTomatoes)": 95,
      "Audience (imdbRating)": 85,
      "BoxOffice (US Gross)": "1,000,000",
      "Production": "United Artists",
      "Plot": "After refusing to attack an enemy position, a general accuses the soldiers of cowardice and their commanding officer must defend them.",
      "Actors": "Kirk Douglas, Ralph Meeker, Adolphe Menjou, George Macready"
   },
   {
      "Index": 59,
      "Title": "Django Unchained",
      "Year": 2012,
      "Rated": "R",
      "Runtime": "165 min",
      "Genre": "Drama",
      "Director": "Quentin Tarantino",
      "Country": "USA",
      "Oscars Won": 2,
      "Poster": "https://images-na.ssl-images-amazon.com/images/M/MV5BMjIyNTQ5NjQ1OV5BMl5BanBnXkFtZTcwODg1MDU4OA@@._V1_SX300.jpg",
      "Critic (RottenTomatoes)": 87,
      "Audience (imdbRating)": 84,
      "BoxOffice (US Gross)": "162,804,648",
      "Production": "The Weinstein Co.",
      "Plot": "With the help of a German bounty hunter , a freed slave sets out to rescue his wife from a brutal Mississippi plantation owner.",
      "Actors": "Jamie Foxx, Christoph Waltz, Leonardo DiCaprio, Kerry Washington"
   },
   {
      "Index": 60,
      "Title": "The Shining",
      "Year": 1980,
      "Rated": "R",
      "Runtime": "146 min",
      "Genre": "Horror",
      "Director": "Stanley Kubrick",
      "Country": "UK, USA",
      "Oscars Won": "0",
      "Poster": "https://images-na.ssl-images-amazon.com/images/M/MV5BZWFlYmY2MGEtZjVkYS00YzU4LTg0YjQtYzY1ZGE3NTA5NGQxXkEyXkFqcGdeQXVyMTQxNzMzNDI@._V1_SX300.jpg",
      "Critic (RottenTomatoes)": 87,
      "Audience (imdbRating)": 84,
      "BoxOffice (US Gross)": "44,017,374",
      "Production": "Warner Bros. Pictures",
      "Plot": "A family heads to an isolated hotel for the winter where an evil and spiritual presence influences the father into violence, while his psychic son sees horrific forebodings from the past and of the future.",
      "Actors": "Jack Nicholson, Shelley Duvall, Danny Lloyd, Scatman Crothers"
   },
   {
      "Index": 61,
      "Title": "WALL·E",
      "Year": 2008,
      "Rated": "G",
      "Runtime": "98 min",
      "Genre": "Animation",
      "Director": "Andrew Stanton",
      "Country": "USA",
      "Oscars Won": 1,
      "Poster": "https://images-na.ssl-images-amazon.com/images/M/MV5BMjExMTg5OTU0NF5BMl5BanBnXkFtZTcwMjMxMzMzMw@@._V1_SX300.jpg",
      "Critic (RottenTomatoes)": 96,
      "Audience (imdbRating)": 84,
      "BoxOffice (US Gross)": "223,749,872",
      "Production": "Walt Disney Pictures",
      "Plot": "In the distant future, a small waste-collecting robot inadvertently embarks on a space journey that will ultimately decide the fate of mankind.",
      "Actors": "Ben Burtt, Elissa Knight, Jeff Garlin, Fred Willard"
   },
   {
      "Index": 62,
      "Title": "American Beauty",
      "Year": 1999,
      "Rated": "R",
      "Runtime": "122 min",
      "Genre": "Drama",
      "Director": "Sam Mendes",
      "Country": "USA",
      "Oscars Won": 5,
      "Poster": "https://images-na.ssl-images-amazon.com/images/M/MV5BMjM4NTI5NzYyNV5BMl5BanBnXkFtZTgwNTkxNTYxMTE@._V1_SX300.jpg",
      "Critic (RottenTomatoes)": 88,
      "Audience (imdbRating)": 84,
      "BoxOffice (US Gross)": "130,096,601",
      "Production": "Dream Works",
      "Plot": "A sexually frustrated suburban father has a mid-life crisis after becoming infatuated with his daughter's best friend.",
      "Actors": "Kevin Spacey, Annette Bening, Thora Birch, Wes Bentley"
   },
   {
      "Index": 63,
      "Title": "The Dark Knight Rises",
      "Year": 2012,
      "Rated": "PG-13",
      "Runtime": "164 min",
      "Genre": "Action",
      "Director": "Christopher Nolan",
      "Country": "UK, USA",
      "Oscars Won": "0",
      "Poster": "https://images-na.ssl-images-amazon.com/images/M/MV5BMTk4ODQzNDY3Ml5BMl5BanBnXkFtZTcwODA0NTM4Nw@@._V1_SX300.jpg",
      "Critic (RottenTomatoes)": 87,
      "Audience (imdbRating)": 85,
      "BoxOffice (US Gross)": "448,130,642",
      "Production": "Warner Bros. Pictures",
      "Plot": "Eight years after the Joker's reign of anarchy, the Dark Knight, with the help of the enigmatic Selina, is forced from his imposed exile to save Gotham City, now on the edge of total annihilation, from the brutal guerrilla terrorist Bane.",
      "Actors": "Christian Bale, Gary Oldman, Tom Hardy, Joseph Gordon-Levitt"
   },
   {
      "Index": 64,
      "Title": "Princess Mononoke",
      "Year": 1997,
      "Rated": "PG-13",
      "Runtime": "134 min",
      "Genre": "Animation",
      "Director": "Hayao Miyazaki",
      "Country": "Japan",
      "Oscars Won": "0",
      "Poster": "https://images-na.ssl-images-amazon.com/images/M/MV5BMTVlNWM4NTAtNDQxYi00YWU5LWIwM2MtZmVjYWFmODZiODE5XkEyXkFqcGdeQXVyNjU0OTQ0OTY@._V1_SX300.jpg",
      "Critic (RottenTomatoes)": 92,
      "Audience (imdbRating)": 84,
      "BoxOffice (US Gross)": "2,375,308",
      "Production": "Miramax Films",
      "Plot": "On a journey to find the cure for a Tatarigami's curse, Ashitaka finds himself in the middle of a war between the forest gods and Tatara, a mining colony. In this quest he also meets San, the Mononoke Hime.",
      "Actors": "Billy Crudup, Billy Bob Thornton, Minnie Driver, John DiMaggio"
   },
   {
      "Index": 65,
      "Title": "Aliens",
      "Year": 1986,
      "Rated": "R",
      "Runtime": "137 min",
      "Genre": "Sci-Fi",
      "Director": "James Cameron",
      "Country": "USA, UK",
      "Oscars Won": 2,
      "Poster": "https://images-na.ssl-images-amazon.com/images/M/MV5BYzVlMWViZGEtYjEyYy00YWZmLThmZGEtYmM4MDZlN2Q5MmRmXkEyXkFqcGdeQXVyMTQxNzMzNDI@._V1_SX300.jpg",
      "Critic (RottenTomatoes)": 98,
      "Audience (imdbRating)": 84,
      "BoxOffice (US Gross)": "85,160,248",
      "Production": "20th Century Fox Film Corporat",
      "Plot": "The moon from Alien (1979) has been colonized, but contact is lost. This time, the rescue team has impressive firepower, but will it be enough?",
      "Actors": "Sigourney Weaver, Carrie Henn, Michael Biehn, Paul Reiser"
   },
   {
      "Index": 66,
      "Title": "Oldboy",
      "Year": 2003,
      "Rated": "R",
      "Runtime": "120 min",
      "Genre": "Drama",
      "Director": "Chan-wook Park",
      "Country": "South Korea",
      "Oscars Won": "0",
      "Poster": "https://images-na.ssl-images-amazon.com/images/M/MV5BMTI3NTQyMzU5M15BMl5BanBnXkFtZTcwMTM2MjgyMQ@@._V1_SX300.jpg",
      "Critic (RottenTomatoes)": 80,
      "Audience (imdbRating)": 84,
      "BoxOffice (US Gross)": "637,778",
      "Production": "Tartan Films",
      "Plot": "After being kidnapped and imprisoned for fifteen years, Oh Dae-Su is released, only to find that he must find his captor in five days.",
      "Actors": "Min-sik Choi, Ji-tae Yu, Hye-jeong Kang, Dae-han Ji"
   },
   {
      "Index": 67,
      "Title": "Once Upon a Time in America",
      "Year": 1984,
      "Rated": "R",
      "Runtime": "229 min",
      "Genre": "Crime",
      "Director": "Sergio Leone",
      "Country": "Italy, USA",
      "Oscars Won": "0",
      "Poster": "https://images-na.ssl-images-amazon.com/images/M/MV5BMGFkNWI4MTMtNGQ0OC00MWVmLTk3MTktOGYxN2Y2YWVkZWE2XkEyXkFqcGdeQXVyNjU0OTQ0OTY@._V1_SX300.jpg",
      "Critic (RottenTomatoes)": 86,
      "Audience (imdbRating)": 84,
      "BoxOffice (US Gross)": "5,321,508",
      "Production": "Warner Home Video",
      "Plot": "A former Prohibition-era Jewish gangster returns to the Lower East Side of Manhattan over thirty years later, where he once again must confront the ghosts and regrets of his old life.",
      "Actors": "Robert De Niro, James Woods, Elizabeth McGovern, Joe Pesci"
   },
   {
      "Index": 68,
      "Title": "Witness for the Prosecution",
      "Year": 1957,
      "Rated": "NR",
      "Runtime": "116 min",
      "Genre": "Crime",
      "Director": "Billy Wilder",
      "Country": "USA",
      "Oscars Won": "0",
      "Poster": "https://images-na.ssl-images-amazon.com/images/M/MV5BMTc0MjgyNTUyNF5BMl5BanBnXkFtZTcwNDQzMDg0Nw@@._V1_SX300.jpg",
      "Critic (RottenTomatoes)": 100,
      "Audience (imdbRating)": 84,
      "BoxOffice (US Gross)": "9,000,000",
      "Production": "MGM",
      "Plot": "A veteran British barrister must defend his client in a murder trial that has surprise after surprise.",
      "Actors": "Tyrone Power, Marlene Dietrich, Charles Laughton, Elsa Lanchester"
   },
   {
      "Index": 69,
      "Title": "Das Boot",
      "Year": 1981,
      "Rated": "R",
      "Runtime": "149 min",
      "Genre": "Adventure",
      "Director": "Wolfgang Petersen",
      "Country": "West Germany",
      "Oscars Won": "0",
      "Poster": "https://images-na.ssl-images-amazon.com/images/M/MV5BNGRmOWY0MGUtNTVhMy00NzRlLTljNDAtNTBiNTRlODgxNmY2XkEyXkFqcGdeQXVyNjc1NTYyMjg@._V1_SX300.jpg",
      "Critic (RottenTomatoes)": 98,
      "Audience (imdbRating)": 84,
      "BoxOffice (US Gross)": "11,487,676",
      "Production": "Columbia Pictures",
      "Plot": "The claustrophobic world of a WWII German U-boat; boredom, filth, and sheer terror.",
      "Actors": "Jürgen Prochnow, Herbert Grönemeyer, Klaus Wennemann, Hubertus Bengsch"
   },
   {
      "Index": 70,
      "Title": "Citizen Kane",
      "Year": 1941,
      "Rated": "NR",
      "Runtime": "119 min",
      "Genre": "Drama",
      "Director": "Orson Welles",
      "Country": "USA",
      "Oscars Won": 1,
      "Poster": "https://images-na.ssl-images-amazon.com/images/M/MV5BMTQ2Mjc1MDQwMl5BMl5BanBnXkFtZTcwNzUyOTUyMg@@._V1_SX300.jpg",
      "Critic (RottenTomatoes)": 100,
      "Audience (imdbRating)": 84,
      "BoxOffice (US Gross)": "1,585,634",
      "Production": "RKO Radio Pictures",
      "Plot": "Following the death of a publishing tycoon, news reporters scramble to discover the meaning of his final utterance.",
      "Actors": "Joseph Cotten, Dorothy Comingore, Agnes Moorehead, Ruth Warrick"
   },
   {
      "Index": 71,
      "Title": "Dangal",
      "Year": 2016,
      "Rated": "NR",
      "Runtime": "161 min",
      "Genre": "Action",
      "Director": "Nitesh Tiwari",
      "Country": "India",
      "Oscars Won": "0",
      "Poster": "https://images-na.ssl-images-amazon.com/images/M/MV5BMTQ4MzQzMzM2Nl5BMl5BanBnXkFtZTgwMTQ1NzU3MDI@._V1_SX300.jpg",
      "Critic (RottenTomatoes)": 92,
      "Audience (imdbRating)": 87,
      "BoxOffice (US Gross)": "12,382,287",
      "Production": "Aamir Khan Productions",
      "Plot": "Former wrestler Mahavir Singh Phogat and his two wrestler daughters struggle towards glory at the Commonwealth Games in the face of societal oppression.",
      "Actors": "Aamir Khan, Sakshi Tanwar, Fatima Sana Shaikh, Sanya Malhotra"
   },
   {
      "Index": 72,
      "Title": "North by Northwest",
      "Year": 1959,
      "Rated": "NR",
      "Runtime": "136 min",
      "Genre": "Action",
      "Director": "Alfred Hitchcock",
      "Country": "USA",
      "Oscars Won": "0",
      "Poster": "https://images-na.ssl-images-amazon.com/images/M/MV5BMjQwMTQ0MzgwNl5BMl5BanBnXkFtZTgwNjc4ODE4MzE@._V1_SX300.jpg",
      "Critic (RottenTomatoes)": 100,
      "Audience (imdbRating)": 84,
      "BoxOffice (US Gross)": "13,275,000",
      "Production": "Turner Entertainment",
      "Plot": "A hapless New York advertising executive is mistaken for a government agent by a group of foreign spies, and is pursued across the country while he looks for a way to survive.",
      "Actors": "Cary Grant, Eva Marie Saint, James Mason, Jessie Royce Landis"
   },
   {
      "Index": 73,
      "Title": "Vertigo",
      "Year": 1958,
      "Rated": "PG",
      "Runtime": "128 min",
      "Genre": "Mystery",
      "Director": "Alfred Hitchcock",
      "Country": "USA",
      "Oscars Won": "0",
      "Poster": "https://images-na.ssl-images-amazon.com/images/M/MV5BYTE4ODEwZDUtNDFjOC00NjAxLWEzYTQtYTI1NGVmZmFlNjdiL2ltYWdlL2ltYWdlXkEyXkFqcGdeQXVyNjc1NTYyMjg@._V1_SX300.jpg",
      "Critic (RottenTomatoes)": 95,
      "Audience (imdbRating)": 84,
      "BoxOffice (US Gross)": "3,200,000",
      "Production": "Paramount Pictures",
      "Plot": "A San Francisco detective suffering from acrophobia investigates the strange activities of an old friend's wife, all the while becoming dangerously obsessed with her.",
      "Actors": "James Stewart, Kim Novak, Barbara Bel Geddes, Tom Helmore"
   },
   {
      "Index": 74,
      "Title": "Star Wars: Episode VI - Return of the Jedi",
      "Year": 1983,
      "Rated": "PG",
      "Runtime": "131 min",
      "Genre": "Action",
      "Director": "Richard Marquand",
      "Country": "USA",
      "Oscars Won": "0",
      "Poster": "https://images-na.ssl-images-amazon.com/images/M/MV5BODllZjg2YjUtNWEzNy00ZGY2LTgyZmQtYTkxNDYyOWM3OTUyXkEyXkFqcGdeQXVyMTQxNzMzNDI@._V1_SX300.jpg",
      "Critic (RottenTomatoes)": 80,
      "Audience (imdbRating)": 84,
      "BoxOffice (US Gross)": "309,125,409",
      "Production": "Twentieth Century Fox",
      "Plot": "After a daring mission to rescue Han Solo from Jabba the Hutt, the rebels dispatch to Endor to destroy a more powerful Death Star. Meanwhile, Luke struggles to help Vader back from the dark side without falling into the Emperor's trap.",
      "Actors": "Mark Hamill, Harrison Ford, Carrie Fisher, Billy Dee Williams"
   },
   {
      "Index": 75,
      "Title": "Reservoir Dogs",
      "Year": 1992,
      "Rated": "R",
      "Runtime": "99 min",
      "Genre": "Crime",
      "Director": "Quentin Tarantino",
      "Country": "USA",
      "Oscars Won": "0",
      "Poster": "https://images-na.ssl-images-amazon.com/images/M/MV5BZmExNmEwYWItYmQzOS00YjA5LTk2MjktZjEyZDE1Y2QxNjA1XkEyXkFqcGdeQXVyMTQxNzMzNDI@._V1_SX300.jpg",
      "Critic (RottenTomatoes)": 91,
      "Audience (imdbRating)": 83,
      "BoxOffice (US Gross)": "2,832,029",
      "Production": "Miramax Films",
      "Plot": "After a simple jewelry heist goes terribly wrong, the surviving criminals begin to suspect that one of them is a police informant.",
      "Actors": "Harvey Keitel, Tim Roth, Michael Madsen, Chris Penn"
   },
   {
      "Index": 76,
      "Title": "Braveheart",
      "Year": 1995,
      "Rated": "R",
      "Runtime": "178 min",
      "Genre": "Biography",
      "Director": "Mel Gibson",
      "Country": "USA",
      "Oscars Won": 5,
      "Poster": "https://images-na.ssl-images-amazon.com/images/M/MV5BODg4NzA0MTktOGU5ZS00ODlkLWE3ZmQtYjAzNjNmM2E3NmEzL2ltYWdlL2ltYWdlXkEyXkFqcGdeQXVyNjU0OTQ0OTY@._V1_SX300.jpg",
      "Critic (RottenTomatoes)": 77,
      "Audience (imdbRating)": 84,
      "BoxOffice (US Gross)": "75,600,000",
      "Production": "Paramount Pictures",
      "Plot": "When his secret bride is executed for assaulting an English soldier who tried to rape her, Sir William Wallace begins a revolt against King Edward I of England.",
      "Actors": "James Robinson, Sean Lawlor, Sandy Nelson, James Cosmo"
   },
   {
      "Index": 77,
      "Title": "M",
      "Year": 1931,
      "Rated": "NR",
      "Runtime": "99 min",
      "Genre": "Crime",
      "Director": "Fritz Lang",
      "Country": "Germany",
      "Oscars Won": "0",
      "Poster": "https://images-na.ssl-images-amazon.com/images/M/MV5BZjIwMTM0ZDEtMTdiMy00NmQ0LWJmYmMtNGJmNmMzZmJlZjVkXkEyXkFqcGdeQXVyNjc1NTYyMjg@._V1_SX300.jpg",
      "Critic (RottenTomatoes)": 100,
      "Audience (imdbRating)": 84,
      "BoxOffice (US Gross)": "17,599",
      "Production": "Foremco",
      "Plot": "When the police in a German city are unable to catch a child-murderer, other criminals join in the manhunt.",
      "Actors": "Peter Lorre, Ellen Widmann, Inge Landgut, Otto Wernicke"
   },
   {
      "Index": 78,
      "Title": "Requiem for a Dream",
      "Year": 2000,
      "Rated": "R",
      "Runtime": "102 min",
      "Genre": "Drama",
      "Director": "Darren Aronofsky",
      "Country": "USA",
      "Oscars Won": "0",
      "Poster": "https://images-na.ssl-images-amazon.com/images/M/MV5BOTdiNzJlOWUtNWMwNS00NmFlLWI0YTEtZmI3YjIzZWUyY2Y3XkEyXkFqcGdeQXVyNjU0OTQ0OTY@._V1_SX300.jpg",
      "Critic (RottenTomatoes)": 78,
      "Audience (imdbRating)": 84,
      "BoxOffice (US Gross)": "2,546,851",
      "Production": "Artisan Entertainment",
      "Plot": "The drug-induced utopias of four Coney Island people are shattered when their addictions run deep.",
      "Actors": "Ellen Burstyn, Jared Leto, Jennifer Connelly, Marlon Wayans"
   },
   {
      "Index": 79,
      "Title": "Amélie",
      "Year": 2001,
      "Rated": "R",
      "Runtime": "122 min",
      "Genre": "Comedy",
      "Director": "Jean-Pierre Jeunet",
      "Country": "France, Germany",
      "Oscars Won": "0",
      "Poster": "https://images-na.ssl-images-amazon.com/images/M/MV5BMTA3MjVkMWMtYTQ4ZC00ODczLWFjYmQtMDFkZDQ2Y2M0NDVmXkEyXkFqcGdeQXVyMTQxNzMzNDI@._V1_SX300.jpg",
      "Critic (RottenTomatoes)": 89,
      "Audience (imdbRating)": 84,
      "BoxOffice (US Gross)": "33,225,499",
      "Production": "Miramax Films",
      "Plot": "Amélie is an innocent and naive girl in Paris with her own sense of justice. She decides to help those around her and, along the way, discovers love.",
      "Actors": "Audrey Tautou, Mathieu Kassovitz, Rufus, Lorella Cravotta"
   },
   {
      "Index": 80,
      "Title": "Like Stars on Earth",
      "Year": 2007,
      "Rated": "PG",
      "Runtime": "165 min",
      "Genre": "Drama",
      "Director": "Aamir Khan, Amole Gupte",
      "Country": "India",
      "Oscars Won": "0",
      "Poster": "https://images-na.ssl-images-amazon.com/images/M/MV5BNTVmYTk2NjAtYzY3MS00YjFjLTlkYzktYzg3YzMyZDQyOWRiXkEyXkFqcGdeQXVyNjQ2MjQ5NzM@._V1_SX300.jpg",
      "Critic (RottenTomatoes)": 90,
      "Audience (imdbRating)": 85,
      "BoxOffice (US Gross)": "1,204,660",
      "Production": "UTV Communications",
      "Plot": "An eight-year-old boy is thought to be a lazy trouble-maker, until the new art teacher has the patience and compassion to discover the real problem behind his struggles in school.",
      "Actors": "Darsheel Safary, Aamir Khan, Tanay Chheda, Sachet Engineer"
   },
   {
      "Index": 81,
      "Title": "A Clockwork Orange",
      "Year": 1971,
      "Rated": "R",
      "Runtime": "136 min",
      "Genre": "Crime",
      "Director": "Stanley Kubrick",
      "Country": "UK, USA",
      "Oscars Won": "0",
      "Poster": "https://images-na.ssl-images-amazon.com/images/M/MV5BMTY3MjM1Mzc4N15BMl5BanBnXkFtZTgwODM0NzAxMDE@._V1_SX300.jpg",
      "Critic (RottenTomatoes)": 89,
      "Audience (imdbRating)": 83,
      "BoxOffice (US Gross)": "26,589,355",
      "Production": "Warner Bros.",
      "Plot": "In future Britain, Alex DeLarge, a charismatic and psycopath delinquent, who likes to practice crimes and ultra-violence with his gang, is jailed and volunteers for an experimental aversion therapy developed by the government in an effort to solve society's crime problem - but not all goes according to plan.",
      "Actors": "Malcolm McDowell, Patrick Magee, Michael Bates, Warren Clarke"
   },
   {
      "Index": 82,
      "Title": "Lawrence of Arabia",
      "Year": 1962,
      "Rated": "PG",
      "Runtime": "216 min",
      "Genre": "Adventure",
      "Director": "David Lean",
      "Country": "UK, USA",
      "Oscars Won": 7,
      "Poster": "https://images-na.ssl-images-amazon.com/images/M/MV5BYWY5ZjhjNGYtZmI2Ny00ODM0LWFkNzgtZmI1YzA2N2MxMzA0XkEyXkFqcGdeQXVyNjUwNzk3NDc@._V1_SX300.jpg",
      "Critic (RottenTomatoes)": 98,
      "Audience (imdbRating)": 83,
      "BoxOffice (US Gross)": "44,824,144",
      "Production": "Columbia Pictures",
      "Plot": "The story of T.E. Lawrence, the English officer who successfully united and led the diverse, often warring, Arab tribes during World War I in order to fight the Turks.",
      "Actors": "Peter O'Toole, Alec Guinness, Anthony Quinn, Jack Hawkins"
   },
   {
      "Index": 83,
      "Title": "Taxi Driver",
      "Year": 1976,
      "Rated": "R",
      "Runtime": "113 min",
      "Genre": "Crime",
      "Director": "Martin Scorsese",
      "Country": "USA",
      "Oscars Won": "0",
      "Poster": "https://images-na.ssl-images-amazon.com/images/M/MV5BNGQxNDgzZWQtZTNjNi00M2RkLWExZmEtNmE1NjEyZDEwMzA5XkEyXkFqcGdeQXVyMTQxNzMzNDI@._V1_SX300.jpg",
      "Critic (RottenTomatoes)": 98,
      "Audience (imdbRating)": 83,
      "BoxOffice (US Gross)": "28,262,574",
      "Production": "Columbia Pictures",
      "Plot": "A mentally unstable Vietnam War veteran works as a night-time taxi driver in New York City where the perceived decadence and sleaze feeds his urge for violent action, while attempting to save a preadolescent prostitute in the process.",
      "Actors": "Diahnne Abbott, Frank Adu, Victor Argo, Gino Ardito"
   },
   {
      "Index": 84,
      "Title": "Double Indemnity",
      "Year": 1944,
      "Rated": "NR",
      "Runtime": "107 min",
      "Genre": "Crime",
      "Director": "Billy Wilder",
      "Country": "USA",
      "Oscars Won": "0",
      "Poster": "https://images-na.ssl-images-amazon.com/images/M/MV5BZmRmYmZkZTktZDc5ZC00ZjZmLTg4NWMtYjM3MjcyNTVjNGQ5L2ltYWdlL2ltYWdlXkEyXkFqcGdeQXVyNjc1NTYyMjg@._V1_SX300.jpg",
      "Critic (RottenTomatoes)": 96,
      "Audience (imdbRating)": 83,
      "BoxOffice (US Gross)": "5,720,000",
      "Production": "Paramount Pictures",
      "Plot": "An insurance representative lets himself be talked into a murder/insurance fraud scheme that arouses an insurance investigator's suspicions.",
      "Actors": "Fred MacMurray, Barbara Stanwyck, Edward G. Robinson, Porter Hall"
   },
   {
      "Index": 85,
      "Title": "Eternal Sunshine of the Spotless Mind",
      "Year": 2004,
      "Rated": "R",
      "Runtime": "108 min",
      "Genre": "Drama",
      "Director": "Michel Gondry",
      "Country": "USA",
      "Oscars Won": 1,
      "Poster": "https://images-na.ssl-images-amazon.com/images/M/MV5BMTY4NzcwODg3Nl5BMl5BanBnXkFtZTcwNTEwOTMyMw@@._V1_SX300.jpg",
      "Critic (RottenTomatoes)": 93,
      "Audience (imdbRating)": 83,
      "BoxOffice (US Gross)": "34,126,138",
      "Production": "Focus Features",
      "Plot": "When their relationship turns sour, a couple undergoes a procedure to have each other erased from their memories. But it is only through the process of loss that they discover what they had to begin with.",
      "Actors": "Jim Carrey, Kate Winslet, Gerry Robert Byrne, Elijah Wood"
   },
   {
      "Index": 86,
      "Title": "Amadeus",
      "Year": 1984,
      "Rated": "R",
      "Runtime": "160 min",
      "Genre": "Biography",
      "Director": "Milos Forman",
      "Country": "USA, France",
      "Oscars Won": 8,
      "Poster": "https://images-na.ssl-images-amazon.com/images/M/MV5BMTg5NDkwMTk5N15BMl5BanBnXkFtZTYwODg3MDk2._V1_SX300.jpg",
      "Critic (RottenTomatoes)": 95,
      "Audience (imdbRating)": 83,
      "BoxOffice (US Gross)": "51,974,029",
      "Production": "Warner Bros. Pictures",
      "Plot": "The incredible story of Wolfgang Amadeus Mozart, told by his peer and secret rival Antonio Salieri - now confined to an insane asylum.",
      "Actors": "F. Murray Abraham, Tom Hulce, Elizabeth Berridge, Roy Dotrice"
   },
   {
      "Index": 87,
      "Title": "To Kill a Mockingbird",
      "Year": 1962,
      "Rated": "NR",
      "Runtime": "129 min",
      "Genre": "Crime",
      "Director": "Robert Mulligan",
      "Country": "USA",
      "Oscars Won": 3,
      "Poster": "https://images-na.ssl-images-amazon.com/images/M/MV5BN2YxZDUxYzMtYzQxNy00NTRjLThmZjQtY2Q4Njg2MTUyOTkzL2ltYWdlL2ltYWdlXkEyXkFqcGdeQXVyNjU0OTQ0OTY@._V1_SX300.jpg",
      "Critic (RottenTomatoes)": 91,
      "Audience (imdbRating)": 83,
      "BoxOffice (US Gross)": "13,129,846",
      "Production": "Universal International Pictur",
      "Plot": "Atticus Finch, a lawyer in the Depression-era South, defends a black man against an undeserved rape charge, and his children against prejudice.",
      "Actors": "Gregory Peck, John Megna, Frank Overton, Rosemary Murphy"
   },
   {
      "Index": 88,
      "Title": "Toy Story 3",
      "Year": 2010,
      "Rated": "G",
      "Runtime": "103 min",
      "Genre": "Animation",
      "Director": "Lee Unkrich",
      "Country": "USA",
      "Oscars Won": 2,
      "Poster": "https://images-na.ssl-images-amazon.com/images/M/MV5BMTgxOTY4Mjc0MF5BMl5BanBnXkFtZTcwNTA4MDQyMw@@._V1_SX300.jpg",
      "Critic (RottenTomatoes)": 99,
      "Audience (imdbRating)": 83,
      "BoxOffice (US Gross)": "414,984,497",
      "Production": "Walt Disney Pictures",
      "Plot": "The toys are mistakenly delivered to a day-care center instead of the attic right before Andy leaves for college, and it's up to Woody to convince the other toys that they weren't abandoned and to return home.",
      "Actors": "Tom Hanks, Tim Allen, Joan Cusack, Ned Beatty"
   },
   {
      "Index": 89,
      "Title": "Full Metal Jacket",
      "Year": 1987,
      "Rated": "R",
      "Runtime": "116 min",
      "Genre": "Drama",
      "Director": "Stanley Kubrick",
      "Country": "UK, USA",
      "Oscars Won": "0",
      "Poster": "https://images-na.ssl-images-amazon.com/images/M/MV5BNzc2ZThkOGItZGY5YS00MDYwLTkyOTAtNDRmZWIwMGRhYTc0L2ltYWdlXkEyXkFqcGdeQXVyNjU0OTQ0OTY@._V1_SX300.jpg",
      "Critic (RottenTomatoes)": 93,
      "Audience (imdbRating)": 83,
      "BoxOffice (US Gross)": "46,375,676",
      "Production": "Warner Bros.",
      "Plot": "A pragmatic U.S. Marine observes the dehumanizing effects the Vietnam War has on his fellow recruits from their brutal boot camp training to the bloody street fighting in Hue.",
      "Actors": "Matthew Modine, Adam Baldwin, Vincent D'Onofrio, R. Lee Ermey"
   },
   {
      "Index": 90,
      "Title": "2001: A Space Odyssey",
      "Year": 1968,
      "Rated": "G",
      "Runtime": "149 min",
      "Genre": "Adventure",
      "Director": "Stanley Kubrick",
      "Country": "UK, USA",
      "Oscars Won": 1,
      "Poster": "https://images-na.ssl-images-amazon.com/images/M/MV5BMTZkZTBhYmUtMTIzNy00YTViLTg1OWItNGUwMmVlN2FjZTVkXkEyXkFqcGdeQXVyNDYyMDk5MTU@._V1_SX300.jpg",
      "Critic (RottenTomatoes)": 93,
      "Audience (imdbRating)": 83,
      "BoxOffice (US Gross)": "135,620",
      "Production": "Warner Bros. Pictures",
      "Plot": "Humanity finds a mysterious, obviously artificial object buried beneath the Lunar surface and, with the intelligent computer H.A.L. 9000, sets off on a quest.",
      "Actors": "Keir Dullea, Gary Lockwood, William Sylvester, Daniel Richter"
   },
   {
      "Index": 91,
      "Title": "Singin' in the Rain",
      "Year": 1952,
      "Rated": "NR",
      "Runtime": "103 min",
      "Genre": "Comedy",
      "Director": "Stanley Donen, Gene Kelly",
      "Country": "USA",
      "Oscars Won": "0",
      "Poster": "https://images-na.ssl-images-amazon.com/images/M/MV5BZDRjNGViMjQtOThlMi00MTA3LThkYzQtNzJkYjBkMGE0YzE1XkEyXkFqcGdeQXVyNDYyMDk5MTU@._V1_SX300.jpg",
      "Critic (RottenTomatoes)": 100,
      "Audience (imdbRating)": 83,
      "BoxOffice (US Gross)": "8,819,028",
      "Production": "MGM",
      "Plot": "A silent film production company and cast make a difficult transition to sound.",
      "Actors": "Gene Kelly, Donald O'Connor, Debbie Reynolds, Jean Hagen"
   },
   {
      "Index": 92,
      "Title": "Your Name",
      "Year": 2016,
      "Rated": "PG",
      "Runtime": "106 min",
      "Genre": "Animation",
      "Director": "Makoto Shinkai",
      "Country": "Japan",
      "Oscars Won": "0",
      "Poster": "https://images-na.ssl-images-amazon.com/images/M/MV5BODRmZDVmNzUtZDA4ZC00NjhkLWI2M2UtN2M0ZDIzNDcxYThjL2ltYWdlXkEyXkFqcGdeQXVyNTk0MzMzODA@._V1_SX300.jpg",
      "Critic (RottenTomatoes)": 97,
      "Audience (imdbRating)": 86,
      "BoxOffice (US Gross)": "4,676,810",
      "Production": "FUNimation Films",
      "Plot": "Two strangers find themselves linked in a bizarre way. When a connection forms, will distance be the only thing to keep them apart?",
      "Actors": "Ryûnosuke Kamiki, Mone Kamishiraishi, Ryô Narita, Aoi Yûki"
   },
   {
      "Index": 93,
      "Title": "The Sting",
      "Year": 1973,
      "Rated": "PG",
      "Runtime": "129 min",
      "Genre": "Comedy",
      "Director": "George Roy Hill",
      "Country": "USA",
      "Oscars Won": 7,
      "Poster": "https://images-na.ssl-images-amazon.com/images/M/MV5BMTY5MjM1OTAyOV5BMl5BanBnXkFtZTgwMDkwODg4MDE@._V1._CR52,57,915,1388_SX89_AL_.jpg_V1_SX300.jpg",
      "Critic (RottenTomatoes)": 93,
      "Audience (imdbRating)": 83,
      "BoxOffice (US Gross)": "159,600,000",
      "Production": "Universal Pictures",
      "Plot": "In Chicago in September 1936, a young con man seeking revenge for his murdered partner teams up with a master of the big con to win a fortune from a criminal banker.",
      "Actors": "Paul Newman, Robert Redford, Robert Shaw, Charles Durning"
   },
   {
      "Index": 94,
      "Title": "Toy Story",
      "Year": 1995,
      "Rated": "G",
      "Runtime": "81 min",
      "Genre": "Animation",
      "Director": "John Lasseter",
      "Country": "USA",
      "Oscars Won": "0",
      "Poster": "https://images-na.ssl-images-amazon.com/images/M/MV5BMDU2ZWJlMjktMTRhMy00ZTA5LWEzNDgtYmNmZTEwZTViZWJkXkEyXkFqcGdeQXVyNDQ2OTk4MzI@._V1_SX300.jpg",
      "Critic (RottenTomatoes)": 100,
      "Audience (imdbRating)": 83,
      "BoxOffice (US Gross)": "191,796,233",
      "Production": "Buena Vista",
      "Plot": "A cowboy doll is profoundly threatened and jealous when a new spaceman figure supplants him as top toy in a boy's room.",
      "Actors": "Tom Hanks, Tim Allen, Don Rickles, Jim Varney"
   },
   {
      "Index": 95,
      "Title": "Bicycle Thieves",
      "Year": 1948,
      "Rated": "NR",
      "Runtime": "89 min",
      "Genre": "Drama",
      "Director": "Vittorio De Sica",
      "Country": "Italy",
      "Oscars Won": "0",
      "Poster": "https://images-na.ssl-images-amazon.com/images/M/MV5BOTI3NTcwNzEtNDA1MS00ZjE0LThkNDEtMmU4MjVmNTQ1ZDBmXkEyXkFqcGdeQXVyNjc1NTYyMjg@._V1_SX300.jpg",
      "Critic (RottenTomatoes)": 98,
      "Audience (imdbRating)": 83,
      "BoxOffice (US Gross)": "332,930",
      "Production": "ENIC",
      "Plot": "In post-war Italy, a working-class man's bicycle is stolen. He and his son set out to find it.",
      "Actors": "Lamberto Maggiorani, Enzo Staiola, Lianella Carell, Elena Altieri"
   },
   {
      "Index": 96,
      "Title": "The Kid",
      "Year": 1921,
      "Rated": "NR",
      "Runtime": "68 min",
      "Genre": "Comedy",
      "Director": "Charles Chaplin",
      "Country": "USA",
      "Oscars Won": "0",
      "Poster": "https://images-na.ssl-images-amazon.com/images/M/MV5BZjhhMThhNDItNTY2MC00MmU1LTliNDEtNDdhZjdlNTY5ZDQ1XkEyXkFqcGdeQXVyNjc1NTYyMjg@._V1_SX300.jpg",
      "Critic (RottenTomatoes)": 100,
      "Audience (imdbRating)": 83,
      "BoxOffice (US Gross)": "5,450,000",
      "Production": "First National Pictures Inc.",
      "Plot": "The Tramp cares for an abandoned child, but events put that relationship in jeopardy.",
      "Actors": "Carl Miller, Edna Purviance, Jackie Coogan, Charles Chaplin"
   },
   {
      "Index": 97,
      "Title": "Inglourious Basterds",
      "Year": 2009,
      "Rated": "R",
      "Runtime": "153 min",
      "Genre": "Adventure",
      "Director": "Quentin Tarantino, Eli Roth",
      "Country": "USA, Germany",
      "Oscars Won": 1,
      "Poster": "https://images-na.ssl-images-amazon.com/images/M/MV5BOTJiNDEzOWYtMTVjOC00ZjlmLWE0NGMtZmE1OWVmZDQ2OWJhXkEyXkFqcGdeQXVyNTIzOTk5ODM@._V1_SX300.jpg",
      "Critic (RottenTomatoes)": 88,
      "Audience (imdbRating)": 83,
      "BoxOffice (US Gross)": "120,523,073",
      "Production": "The Weinstein Company",
      "Plot": "In Nazi-occupied France during World War II, a plan to assassinate Nazi leaders by a group of Jewish U.S. soldiers coincides with a theatre owner's vengeful plans for the same.",
      "Actors": "Brad Pitt, Mélanie Laurent, Christoph Waltz, Eli Roth"
   },
   {
      "Index": 98,
      "Title": "3 Idiots",
      "Year": 2009,
      "Rated": "PG-13",
      "Runtime": "170 min",
      "Genre": "Adventure",
      "Director": "Rajkumar Hirani",
      "Country": "India",
      "Oscars Won": "0",
      "Poster": "https://images-na.ssl-images-amazon.com/images/M/MV5BZWRlNDdkNzItMzhlZC00YTdmLWIwNjktYjY5NjQ1ZmQ3N2FkXkEyXkFqcGdeQXVyNjU0OTQ0OTY@._V1_SX300.jpg",
      "Critic (RottenTomatoes)": 100,
      "Audience (imdbRating)": 84,
      "BoxOffice (US Gross)": "6,500,000",
      "Production": "Big Pictures",
      "Plot": "Two friends are searching for their long lost companion. They revisit their college days and recall the memories of their friend who inspired them to think differently, even as the rest of the world called them \"idiots\".",
      "Actors": "Aamir Khan, Madhavan, Sharman Joshi, Kareena Kapoor Khan"
   },
   {
      "Index": 99,
      "Title": "Snatch",
      "Year": 2000,
      "Rated": "R",
      "Runtime": "102 min",
      "Genre": "Comedy",
      "Director": "Guy Ritchie",
      "Country": "UK, USA",
      "Oscars Won": "0",
      "Poster": "https://images-na.ssl-images-amazon.com/images/M/MV5BMTA2NDYxOGYtYjU1Mi00Y2QzLTgxMTQtMWI1MGI0ZGQ5MmU4XkEyXkFqcGdeQXVyNDk3NzU2MTQ@._V1_SX300.jpg",
      "Critic (RottenTomatoes)": 73,
      "Audience (imdbRating)": 83,
      "BoxOffice (US Gross)": "30,093,107",
      "Production": "Columbia Pictures",
      "Plot": "Unscrupulous boxing promoters, violent bookmakers, a Russian gangster, incompetent amateur robbers, and supposedly Jewish jewelers fight to track down a priceless stolen diamond.",
      "Actors": "Benicio Del Toro, Dennis Farina, Vinnie Jones, Brad Pitt"
   },
   {
      "Index": 100,
      "Title": "Monty Python and the Holy Grail",
      "Year": 1975,
      "Rated": "PG",
      "Runtime": "91 min",
      "Genre": "Adventure",
      "Director": "Terry Gilliam, Terry Jones",
      "Country": "UK",
      "Oscars Won": "0",
      "Poster": "https://images-na.ssl-images-amazon.com/images/M/MV5BNmNmZjViNTQtNDQ5Mi00MDYzLWI5YWMtNDUyZGNmMGZhNDg4XkEyXkFqcGdeQXVyNTA4NzY1MzY@._V1_SX300.jpg",
      "Critic (RottenTomatoes)": 97,
      "Audience (imdbRating)": 83,
      "BoxOffice (US Gross)": "1,229,197",
      "Production": "Almi Cinema 5",
      "Plot": "King Arthur and his knights embark on a low-budget search for the Grail, encountering many, very silly obstacles.",
      "Actors": "Graham Chapman, John Cleese, Eric Idle, Terry Gilliam"
   }
]
