[
  {
    "Index": 1,
    "Title": "The Shawshank Redemption",
    "Year": 1994,
    "Rated": "R",
    "Genre": "Crime",
    "Oscars Won": 0,
    "Critic (RottenTomatoes)": 91,
    "Audience (imdbRating)": 93,
    "BoxOffice (US Gross)": "58,500,000"
  },
  {
    "Index": 2,
    "Title": "The Godfather",
    "Year": 1972,
    "Rated": "R",
    "Genre": "Crime",
    "Oscars Won": 3,
    "Critic (RottenTomatoes)": 98,
    "Audience (imdbRating)": 92,
    "BoxOffice (US Gross)": "245,066,411"
  },
  {
    "Index": 3,
    "Title": "The Godfather: Part II",
    "Year": 1974,
    "Rated": "R",
    "Genre": "Crime",
    "Oscars Won": 6,
    "Critic (RottenTomatoes)": 97,
    "Audience (imdbRating)": 90,
    "BoxOffice (US Gross)": "57,300,000"
  },
  {
    "Index": 4,
    "Title": "The Dark Knight",
    "Year": 2008,
    "Rated": "PG-13",
    "Genre": "Action",
    "Oscars Won": 2,
    "Critic (RottenTomatoes)": 94,
    "Audience (imdbRating)": 90,
    "BoxOffice (US Gross)": "533,316,061"
  },
  {
    "Index": 5,
    "Title": "12 Angry Men",
    "Year": 1957,
    "Rated": "NR",
    "Genre": "Crime",
    "Oscars Won": 0,
    "Critic (RottenTomatoes)": 100,
    "Audience (imdbRating)": 89,
    "BoxOffice (US Gross)": "2,000,000"
  },
  {
    "Index": 6,
    "Title": "Schindler's List",
    "Year": 1993,
    "Rated": "R",
    "Genre": "Biography",
    "Oscars Won": 7,
    "Critic (RottenTomatoes)": 97,
    "Audience (imdbRating)": 89,
    "BoxOffice (US Gross)": "96,067,179"
  },
  {
    "Index": 7,
    "Title": "Pulp Fiction",
    "Year": 1994,
    "Rated": "R",
    "Genre": "Crime",
    "Oscars Won": 1,
    "Critic (RottenTomatoes)": 94,
    "Audience (imdbRating)": 89,
    "BoxOffice (US Gross)": "107,928,762"
  },
  {
    "Index": 8,
    "Title": "The Lord of the Rings: The Return of the King",
    "Year": 2003,
    "Rated": "PG-13",
    "Genre": "Adventure",
    "Oscars Won": 11,
    "Critic (RottenTomatoes)": 93,
    "Audience (imdbRating)": 89,
    "BoxOffice (US Gross)": "364,000,000"
  },
  {
    "Index": 9,
    "Title": "The Good, the Bad and the Ugly",
    "Year": 1966,
    "Rated": "NR",
    "Genre": "Western",
    "Oscars Won": 0,
    "Critic (RottenTomatoes)": 97,
    "Audience (imdbRating)": 89,
    "BoxOffice (US Gross)": "6,100,000"
  },
  {
    "Index": 10,
    "Title": "Fight Club",
    "Year": 1999,
    "Rated": "R",
    "Genre": "Drama",
    "Oscars Won": 0,
    "Critic (RottenTomatoes)": 79,
    "Audience (imdbRating)": 88,
    "BoxOffice (US Gross)": "37,030,012"
  },
  {
    "Index": 11,
    "Title": "The Lord of the Rings: The Fellowship of the Ring",
    "Year": 2001,
    "Rated": "PG-13",
    "Genre": "Adventure",
    "Oscars Won": 4,
    "Critic (RottenTomatoes)": 91,
    "Audience (imdbRating)": 88,
    "BoxOffice (US Gross)": "314,000,000"
  },
  {
    "Index": 12,
    "Title": "Forrest Gump",
    "Year": 1994,
    "Rated": "PG-13",
    "Genre": "Comedy",
    "Oscars Won": 6,
    "Critic (RottenTomatoes)": 72,
    "Audience (imdbRating)": 88,
    "BoxOffice (US Gross)": "405,000"
  },
  {
    "Index": 13,
    "Title": "Star Wars: Episode V - The Empire Strikes Back",
    "Year": 1980,
    "Rated": "PG",
    "Genre": "Action",
    "Oscars Won": 1,
    "Critic (RottenTomatoes)": 94,
    "Audience (imdbRating)": 88,
    "BoxOffice (US Gross)": "4,548,170"
  },
  {
    "Index": 14,
    "Title": "Inception",
    "Year": 2010,
    "Rated": "PG-13",
    "Genre": "Action",
    "Oscars Won": 4,
    "Critic (RottenTomatoes)": 86,
    "Audience (imdbRating)": 88,
    "BoxOffice (US Gross)": "292,568,851"
  },
  {
    "Index": 15,
    "Title": "The Lord of the Rings: The Two Towers",
    "Year": 2002,
    "Rated": "PG-13",
    "Genre": "Adventure",
    "Oscars Won": 2,
    "Critic (RottenTomatoes)": 95,
    "Audience (imdbRating)": 87,
    "BoxOffice (US Gross)": "339,700,000"
  },
  {
    "Index": 16,
    "Title": "One Flew Over the Cuckoo's Nest",
    "Year": 1975,
    "Rated": "R",
    "Genre": "Drama",
    "Oscars Won": 5,
    "Critic (RottenTomatoes)": 94,
    "Audience (imdbRating)": 87,
    "BoxOffice (US Gross)": "112,000,000"
  },
  {
    "Index": 17,
    "Title": "Goodfellas",
    "Year": 1990,
    "Rated": "R",
    "Genre": "Crime",
    "Oscars Won": 1,
    "Critic (RottenTomatoes)": 96,
    "Audience (imdbRating)": 87,
    "BoxOffice (US Gross)": "46,836,394"
  },
  {
    "Index": 18,
    "Title": "The Matrix",
    "Year": 1999,
    "Rated": "R",
    "Genre": "Action",
    "Oscars Won": 4,
    "Critic (RottenTomatoes)": 87,
    "Audience (imdbRating)": 87,
    "BoxOffice (US Gross)": "171,479,930"
  },
  {
    "Index": 19,
    "Title": "Seven Samurai",
    "Year": 1954,
    "Rated": "NR",
    "Genre": "Adventure",
    "Oscars Won": 0,
    "Critic (RottenTomatoes)": 100,
    "Audience (imdbRating)": 87,
    "BoxOffice (US Gross)": "269,061"
  },
  {
    "Index": 20,
    "Title": "Star Wars: Episode IV - A New Hope",
    "Year": 1977,
    "Rated": "PG",
    "Genre": "Action",
    "Oscars Won": 6,
    "Critic (RottenTomatoes)": 93,
    "Audience (imdbRating)": 87,
    "BoxOffice (US Gross)": "322,740,140"
  },
  {
    "Index": 21,
    "Title": "City of God",
    "Year": 2002,
    "Rated": "R",
    "Genre": "Crime",
    "Oscars Won": 0,
    "Critic (RottenTomatoes)": 91,
    "Audience (imdbRating)": 87,
    "BoxOffice (US Gross)": "7,563,397"
  },
  {
    "Index": 22,
    "Title": "Se7en",
    "Year": 1995,
    "Rated": "R",
    "Genre": "Crime",
    "Oscars Won": 0,
    "Critic (RottenTomatoes)": 80,
    "Audience (imdbRating)": 86,
    "BoxOffice (US Gross)": "100,125,643"
  },
  {
    "Index": 23,
    "Title": "The Silence of the Lambs",
    "Year": 1991,
    "Rated": "R",
    "Genre": "Crime",
    "Oscars Won": 5,
    "Critic (RottenTomatoes)": 95,
    "Audience (imdbRating)": 86,
    "BoxOffice (US Gross)": "130,742,922"
  },
  {
    "Index": 24,
    "Title": "It's a Wonderful Life",
    "Year": 1946,
    "Rated": "PG",
    "Genre": "Drama",
    "Oscars Won": 0,
    "Critic (RottenTomatoes)": 94,
    "Audience (imdbRating)": 86,
    "BoxOffice (US Gross)": "7,270,000"
  },
  {
    "Index": 25,
    "Title": "Life Is Beautiful",
    "Year": 1997,
    "Rated": "PG-13",
    "Genre": "Comedy",
    "Oscars Won": 3,
    "Critic (RottenTomatoes)": 80,
    "Audience (imdbRating)": 86,
    "BoxOffice (US Gross)": "57,598,247"
  },
  {
    "Index": 26,
    "Title": "The Usual Suspects",
    "Year": 1995,
    "Rated": "R",
    "Genre": "Crime",
    "Oscars Won": 2,
    "Critic (RottenTomatoes)": 88,
    "Audience (imdbRating)": 86,
    "BoxOffice (US Gross)": "23,341,568"
  },
  {
    "Index": 27,
    "Title": "Léon: The Professional",
    "Year": 1994,
    "Rated": "R",
    "Genre": "Crime",
    "Oscars Won": 0,
    "Critic (RottenTomatoes)": 71,
    "Audience (imdbRating)": 86,
    "BoxOffice (US Gross)": "19,501,238"
  },
  {
    "Index": 28,
    "Title": "Saving Private Ryan",
    "Year": 1998,
    "Rated": "R",
    "Genre": "Drama",
    "Oscars Won": 5,
    "Critic (RottenTomatoes)": 92,
    "Audience (imdbRating)": 86,
    "BoxOffice (US Gross)": "261,540,909"
  },
  {
    "Index": 29,
    "Title": "Spirited Away",
    "Year": 2001,
    "Rated": "PG",
    "Genre": "Animation",
    "Oscars Won": 1,
    "Critic (RottenTomatoes)": 97,
    "Audience (imdbRating)": 86,
    "BoxOffice (US Gross)": "9,855,615"
  },
  {
    "Index": 30,
    "Title": "Once Upon a Time in the West",
    "Year": 1968,
    "Rated": "PG-13",
    "Genre": "Western",
    "Oscars Won": 0,
    "Critic (RottenTomatoes)": 98,
    "Audience (imdbRating)": 86,
    "BoxOffice (US Gross)": "5,321,508"
  },
  {
    "Index": 31,
    "Title": "American History X",
    "Year": 1998,
    "Rated": "R",
    "Genre": "Crime",
    "Oscars Won": 0,
    "Critic (RottenTomatoes)": 83,
    "Audience (imdbRating)": 85,
    "BoxOffice (US Gross)": "6,719,864"
  },
  {
    "Index": 32,
    "Title": "Interstellar",
    "Year": 2014,
    "Rated": "PG-13",
    "Genre": "Adventure",
    "Oscars Won": 1,
    "Critic (RottenTomatoes)": 71,
    "Audience (imdbRating)": 86,
    "BoxOffice (US Gross)": "158,737,441"
  },
  {
    "Index": 33,
    "Title": "Psycho",
    "Year": 1960,
    "Rated": "NR",
    "Genre": "Horror",
    "Oscars Won": 0,
    "Critic (RottenTomatoes)": 97,
    "Audience (imdbRating)": 85,
    "BoxOffice (US Gross)": "32,000,000"
  },
  {
    "Index": 34,
    "Title": "Casablanca",
    "Year": 1942,
    "Rated": "PG",
    "Genre": "Drama",
    "Oscars Won": 3,
    "Critic (RottenTomatoes)": 97,
    "Audience (imdbRating)": 85,
    "BoxOffice (US Gross)": "1,024,560"
  },
  {
    "Index": 35,
    "Title": "City Lights",
    "Year": 1931,
    "Rated": "G",
    "Genre": "Comedy",
    "Oscars Won": 0,
    "Critic (RottenTomatoes)": 98,
    "Audience (imdbRating)": 86,
    "BoxOffice (US Gross)": "19,181"
  },
  {
    "Index": 36,
    "Title": "The Green Mile",
    "Year": 1999,
    "Rated": "R",
    "Genre": "Crime",
    "Oscars Won": 0,
    "Critic (RottenTomatoes)": 80,
    "Audience (imdbRating)": 85,
    "BoxOffice (US Gross)": "136,801,374"
  },
  {
    "Index": 37,
    "Title": "The Intouchables",
    "Year": 2011,
    "Rated": "R",
    "Genre": "Biography",
    "Oscars Won": 0,
    "Critic (RottenTomatoes)": 74,
    "Audience (imdbRating)": 86,
    "BoxOffice (US Gross)": "13,179,837"
  },
  {
    "Index": 38,
    "Title": "Modern Times",
    "Year": 1936,
    "Rated": "G",
    "Genre": "Comedy",
    "Oscars Won": 0,
    "Critic (RottenTomatoes)": 100,
    "Audience (imdbRating)": 85,
    "BoxOffice (US Gross)": "163,245"
  },
  {
    "Index": 39,
    "Title": "Raiders of the Lost Ark",
    "Year": 1981,
    "Rated": "PG",
    "Genre": "Action",
    "Oscars Won": 4,
    "Critic (RottenTomatoes)": 94,
    "Audience (imdbRating)": 85,
    "BoxOffice (US Gross)": "248,159,971"
  },
  {
    "Index": 40,
    "Title": "Rear Window",
    "Year": 1954,
    "Rated": "NR",
    "Genre": "Mystery",
    "Oscars Won": 0,
    "Critic (RottenTomatoes)": 100,
    "Audience (imdbRating)": 85,
    "BoxOffice (US Gross)": "36,764,313"
  },
  {
    "Index": 41,
    "Title": "The Pianist",
    "Year": 2002,
    "Rated": "R",
    "Genre": "Biography",
    "Oscars Won": 3,
    "Critic (RottenTomatoes)": 95,
    "Audience (imdbRating)": 85,
    "BoxOffice (US Gross)": "32,519,322"
  },
  {
    "Index": 42,
    "Title": "The Departed",
    "Year": 2006,
    "Rated": "R",
    "Genre": "Crime",
    "Oscars Won": 4,
    "Critic (RottenTomatoes)": 90,
    "Audience (imdbRating)": 85,
    "BoxOffice (US Gross)": "132,300,000"
  },
  {
    "Index": 43,
    "Title": "Terminator 2: Judgment Day",
    "Year": 1991,
    "Rated": "R",
    "Genre": "Action",
    "Oscars Won": 4,
    "Critic (RottenTomatoes)": 93,
    "Audience (imdbRating)": 85,
    "BoxOffice (US Gross)": "198,116,802"
  },
  {
    "Index": 44,
    "Title": "Back to the Future",
    "Year": 1985,
    "Rated": "PG",
    "Genre": "Adventure",
    "Oscars Won": 1,
    "Critic (RottenTomatoes)": 96,
    "Audience (imdbRating)": 85,
    "BoxOffice (US Gross)": "2,925,880"
  },
  {
    "Index": 45,
    "Title": "Whiplash",
    "Year": 2014,
    "Rated": "R",
    "Genre": "Drama",
    "Oscars Won": 3,
    "Critic (RottenTomatoes)": 94,
    "Audience (imdbRating)": 85,
    "BoxOffice (US Gross)": "13,092,000"
  },
  {
    "Index": 46,
    "Title": "Gladiator",
    "Year": 2000,
    "Rated": "R",
    "Genre": "Action",
    "Oscars Won": 5,
    "Critic (RottenTomatoes)": 76,
    "Audience (imdbRating)": 85,
    "BoxOffice (US Gross)": "187,705,427"
  },
  {
    "Index": 47,
    "Title": "Memento",
    "Year": 2000,
    "Rated": "R",
    "Genre": "Mystery",
    "Oscars Won": 0,
    "Critic (RottenTomatoes)": 92,
    "Audience (imdbRating)": 85,
    "BoxOffice (US Gross)": "23,844,220"
  },
  {
    "Index": 48,
    "Title": "The Prestige",
    "Year": 2006,
    "Rated": "PG-13",
    "Genre": "Drama",
    "Oscars Won": 0,
    "Critic (RottenTomatoes)": 75,
    "Audience (imdbRating)": 85,
    "BoxOffice (US Gross)": "53,100,000"
  },
  {
    "Index": 49,
    "Title": "The Lion King",
    "Year": 1994,
    "Rated": "G",
    "Genre": "Animation",
    "Oscars Won": 2,
    "Critic (RottenTomatoes)": 92,
    "Audience (imdbRating)": 85,
    "BoxOffice (US Gross)": "94,240,635"
  },
  {
    "Index": 50,
    "Title": "Apocalypse Now",
    "Year": 1979,
    "Rated": "R",
    "Genre": "Drama",
    "Oscars Won": 2,
    "Critic (RottenTomatoes)": 96,
    "Audience (imdbRating)": 85,
    "BoxOffice (US Gross)": "83,471,511"
  },
  {
    "Index": 51,
    "Title": "Alien",
    "Year": 1979,
    "Rated": "R",
    "Genre": "Horror",
    "Oscars Won": 1,
    "Critic (RottenTomatoes)": 97,
    "Audience (imdbRating)": 85,
    "BoxOffice (US Gross)": "78,900,000"
  },
  {
    "Index": 52,
    "Title": "Sunset Boulevard",
    "Year": 1950,
    "Rated": "NR",
    "Genre": "Drama",
    "Oscars Won": 3,
    "Critic (RottenTomatoes)": 98,
    "Audience (imdbRating)": 85,
    "BoxOffice (US Gross)": "5,000,000"
  },
  {
    "Index": 53,
    "Title": "Dr. Strangelove or: How I Learned to Stop Worrying and Love the Bomb",
    "Year": 1964,
    "Rated": "PG",
    "Genre": "Comedy",
    "Oscars Won": 0,
    "Critic (RottenTomatoes)": 99,
    "Audience (imdbRating)": 85,
    "BoxOffice (US Gross)": "9,440,272"
  },
  {
    "Index": 54,
    "Title": "The Great Dictator",
    "Year": 1940,
    "Rated": "NR",
    "Genre": "Comedy",
    "Oscars Won": 0,
    "Critic (RottenTomatoes)": 92,
    "Audience (imdbRating)": 85,
    "BoxOffice (US Gross)": "5,000,000"
  },
  {
    "Index": 55,
    "Title": "Cinema Paradiso",
    "Year": 1988,
    "Rated": "R",
    "Genre": "Drama",
    "Oscars Won": 1,
    "Critic (RottenTomatoes)": 90,
    "Audience (imdbRating)": 85,
    "BoxOffice (US Gross)": "239,630"
  },
  {
    "Index": 56,
    "Title": "The Lives of Others",
    "Year": 2006,
    "Rated": "R",
    "Genre": "Drama",
    "Oscars Won": 1,
    "Critic (RottenTomatoes)": 92,
    "Audience (imdbRating)": 85,
    "BoxOffice (US Gross)": "11,200,000"
  },
  {
    "Index": 57,
    "Title": "Grave of the Fireflies",
    "Year": 1988,
    "Rated": "NR",
    "Genre": "Animation",
    "Oscars Won": 0,
    "Critic (RottenTomatoes)": 97,
    "Audience (imdbRating)": 85,
    "BoxOffice (US Gross)": "5,000,000"
  },
  {
    "Index": 58,
    "Title": "Paths of Glory",
    "Year": 1957,
    "Rated": "NR",
    "Genre": "Drama",
    "Oscars Won": 0,
    "Critic (RottenTomatoes)": 95,
    "Audience (imdbRating)": 85,
    "BoxOffice (US Gross)": "1,000,000"
  },
  {
    "Index": 59,
    "Title": "Django Unchained",
    "Year": 2012,
    "Rated": "R",
    "Genre": "Drama",
    "Oscars Won": 2,
    "Critic (RottenTomatoes)": 87,
    "Audience (imdbRating)": 84,
    "BoxOffice (US Gross)": "162,804,648"
  },
  {
    "Index": 60,
    "Title": "The Shining",
    "Year": 1980,
    "Rated": "R",
    "Genre": "Horror",
    "Oscars Won": 0,
    "Critic (RottenTomatoes)": 87,
    "Audience (imdbRating)": 84,
    "BoxOffice (US Gross)": "44,017,374"
  },
  {
    "Index": 61,
    "Title": "WALL·E",
    "Year": 2008,
    "Rated": "G",
    "Genre": "Animation",
    "Oscars Won": 1,
    "Critic (RottenTomatoes)": 96,
    "Audience (imdbRating)": 84,
    "BoxOffice (US Gross)": "223,749,872"
  },
  {
    "Index": 62,
    "Title": "American Beauty",
    "Year": 1999,
    "Rated": "R",
    "Genre": "Drama",
    "Oscars Won": 5,
    "Critic (RottenTomatoes)": 88,
    "Audience (imdbRating)": 84,
    "BoxOffice (US Gross)": "130,096,601"
  },
  {
    "Index": 63,
    "Title": "The Dark Knight Rises",
    "Year": 2012,
    "Rated": "PG-13",
    "Genre": "Action",
    "Oscars Won": 0,
    "Critic (RottenTomatoes)": 87,
    "Audience (imdbRating)": 85,
    "BoxOffice (US Gross)": "448,130,642"
  },
  {
    "Index": 64,
    "Title": "Princess Mononoke",
    "Year": 1997,
    "Rated": "PG-13",
    "Genre": "Animation",
    "Oscars Won": 0,
    "Critic (RottenTomatoes)": 92,
    "Audience (imdbRating)": 84,
    "BoxOffice (US Gross)": "2,375,308"
  },
  {
    "Index": 65,
    "Title": "Aliens",
    "Year": 1986,
    "Rated": "R",
    "Genre": "Sci-Fi",
    "Oscars Won": 2,
    "Critic (RottenTomatoes)": 98,
    "Audience (imdbRating)": 84,
    "BoxOffice (US Gross)": "85,160,248"
  },
  {
    "Index": 66,
    "Title": "Oldboy",
    "Year": 2003,
    "Rated": "R",
    "Genre": "Drama",
    "Oscars Won": 0,
    "Critic (RottenTomatoes)": 80,
    "Audience (imdbRating)": 84,
    "BoxOffice (US Gross)": "637,778"
  },
  {
    "Index": 67,
    "Title": "Once Upon a Time in America",
    "Year": 1984,
    "Rated": "R",
    "Genre": "Crime",
    "Oscars Won": 0,
    "Critic (RottenTomatoes)": 86,
    "Audience (imdbRating)": 84,
    "BoxOffice (US Gross)": "5,321,508"
  },
  {
    "Index": 68,
    "Title": "Witness for the Prosecution",
    "Year": 1957,
    "Rated": "NR",
    "Genre": "Crime",
    "Oscars Won": 0,
    "Critic (RottenTomatoes)": 100,
    "Audience (imdbRating)": 84,
    "BoxOffice (US Gross)": "9,000,000"
  },
  {
    "Index": 69,
    "Title": "Das Boot",
    "Year": 1981,
    "Rated": "R",
    "Genre": "Adventure",
    "Oscars Won": 0,
    "Critic (RottenTomatoes)": 98,
    "Audience (imdbRating)": 84,
    "BoxOffice (US Gross)": "11,487,676"
  },
  {
    "Index": 70,
    "Title": "Citizen Kane",
    "Year": 1941,
    "Rated": "NR",
    "Genre": "Drama",
    "Oscars Won": 1,
    "Critic (RottenTomatoes)": 100,
    "Audience (imdbRating)": 84,
    "BoxOffice (US Gross)": "1,585,634"
  },
  {
    "Index": 71,
    "Title": "Dangal",
    "Year": 2016,
    "Rated": "NR",
    "Genre": "Action",
    "Oscars Won": 0,
    "Critic (RottenTomatoes)": 92,
    "Audience (imdbRating)": 87,
    "BoxOffice (US Gross)": "12,382,287"
  },
  {
    "Index": 72,
    "Title": "North by Northwest",
    "Year": 1959,
    "Rated": "NR",
    "Genre": "Action",
    "Oscars Won": 0,
    "Critic (RottenTomatoes)": 100,
    "Audience (imdbRating)": 84,
    "BoxOffice (US Gross)": "13,275,000"
  },
  {
    "Index": 73,
    "Title": "Vertigo",
    "Year": 1958,
    "Rated": "PG",
    "Genre": "Mystery",
    "Oscars Won": 0,
    "Critic (RottenTomatoes)": 95,
    "Audience (imdbRating)": 84,
    "BoxOffice (US Gross)": "3,200,000"
  },
  {
    "Index": 74,
    "Title": "Star Wars: Episode VI - Return of the Jedi",
    "Year": 1983,
    "Rated": "PG",
    "Genre": "Action",
    "Oscars Won": 0,
    "Critic (RottenTomatoes)": 80,
    "Audience (imdbRating)": 84,
    "BoxOffice (US Gross)": "309,125,409"
  },
  {
    "Index": 75,
    "Title": "Reservoir Dogs",
    "Year": 1992,
    "Rated": "R",
    "Genre": "Crime",
    "Oscars Won": 0,
    "Critic (RottenTomatoes)": 91,
    "Audience (imdbRating)": 83,
    "BoxOffice (US Gross)": "2,832,029"
  },
  {
    "Index": 76,
    "Title": "Braveheart",
    "Year": 1995,
    "Rated": "R",
    "Genre": "Biography",
    "Oscars Won": 5,
    "Critic (RottenTomatoes)": 77,
    "Audience (imdbRating)": 84,
    "BoxOffice (US Gross)": "75,600,000"
  },
  {
    "Index": 77,
    "Title": "M",
    "Year": 1931,
    "Rated": "NR",
    "Genre": "Crime",
    "Oscars Won": 0,
    "Critic (RottenTomatoes)": 100,
    "Audience (imdbRating)": 84,
    "BoxOffice (US Gross)": "17,599"
  },
  {
    "Index": 78,
    "Title": "Requiem for a Dream",
    "Year": 2000,
    "Rated": "R",
    "Genre": "Drama",
    "Oscars Won": 0,
    "Critic (RottenTomatoes)": 78,
    "Audience (imdbRating)": 84,
    "BoxOffice (US Gross)": "2,546,851"
  },
  {
    "Index": 79,
    "Title": "Amélie",
    "Year": 2001,
    "Rated": "R",
    "Genre": "Comedy",
    "Oscars Won": 0,
    "Critic (RottenTomatoes)": 89,
    "Audience (imdbRating)": 84,
    "BoxOffice (US Gross)": "33,225,499"
  },
  {
    "Index": 80,
    "Title": "Like Stars on Earth",
    "Year": 2007,
    "Rated": "PG",
    "Genre": "Drama",
    "Oscars Won": 0,
    "Critic (RottenTomatoes)": 90,
    "Audience (imdbRating)": 85,
    "BoxOffice (US Gross)": "1,204,660"
  },
  {
    "Index": 81,
    "Title": "A Clockwork Orange",
    "Year": 1971,
    "Rated": "R",
    "Genre": "Crime",
    "Oscars Won": 0,
    "Critic (RottenTomatoes)": 89,
    "Audience (imdbRating)": 83,
    "BoxOffice (US Gross)": "26,589,355"
  },
  {
    "Index": 82,
    "Title": "Lawrence of Arabia",
    "Year": 1962,
    "Rated": "PG",
    "Genre": "Adventure",
    "Oscars Won": 7,
    "Critic (RottenTomatoes)": 98,
    "Audience (imdbRating)": 83,
    "BoxOffice (US Gross)": "44,824,144"
  },
  {
    "Index": 83,
    "Title": "Taxi Driver",
    "Year": 1976,
    "Rated": "R",
    "Genre": "Crime",
    "Oscars Won": 0,
    "Critic (RottenTomatoes)": 98,
    "Audience (imdbRating)": 83,
    "BoxOffice (US Gross)": "28,262,574"
  },
  {
    "Index": 84,
    "Title": "Double Indemnity",
    "Year": 1944,
    "Rated": "NR",
    "Genre": "Crime",
    "Oscars Won": 0,
    "Critic (RottenTomatoes)": 96,
    "Audience (imdbRating)": 83,
    "BoxOffice (US Gross)": "5,720,000"
  },
  {
    "Index": 85,
    "Title": "Eternal Sunshine of the Spotless Mind",
    "Year": 2004,
    "Rated": "R",
    "Genre": "Drama",
    "Oscars Won": 1,
    "Critic (RottenTomatoes)": 93,
    "Audience (imdbRating)": 83,
    "BoxOffice (US Gross)": "34,126,138"
  },
  {
    "Index": 86,
    "Title": "Amadeus",
    "Year": 1984,
    "Rated": "R",
    "Genre": "Biography",
    "Oscars Won": 8,
    "Critic (RottenTomatoes)": 95,
    "Audience (imdbRating)": 83,
    "BoxOffice (US Gross)": "51,974,029"
  },
  {
    "Index": 87,
    "Title": "To Kill a Mockingbird",
    "Year": 1962,
    "Rated": "NR",
    "Genre": "Crime",
    "Oscars Won": 3,
    "Critic (RottenTomatoes)": 91,
    "Audience (imdbRating)": 83,
    "BoxOffice (US Gross)": "13,129,846"
  },
  {
    "Index": 88,
    "Title": "Toy Story 3",
    "Year": 2010,
    "Rated": "G",
    "Genre": "Animation",
    "Oscars Won": 2,
    "Critic (RottenTomatoes)": 99,
    "Audience (imdbRating)": 83,
    "BoxOffice (US Gross)": "414,984,497"
  },
  {
    "Index": 89,
    "Title": "Full Metal Jacket",
    "Year": 1987,
    "Rated": "R",
    "Genre": "Drama",
    "Oscars Won": 0,
    "Critic (RottenTomatoes)": 93,
    "Audience (imdbRating)": 83,
    "BoxOffice (US Gross)": "46,375,676"
  },
  {
    "Index": 90,
    "Title": "2001: A Space Odyssey",
    "Year": 1968,
    "Rated": "G",
    "Genre": "Adventure",
    "Oscars Won": 1,
    "Critic (RottenTomatoes)": 93,
    "Audience (imdbRating)": 83,
    "BoxOffice (US Gross)": "135,620"
  },
  {
    "Index": 91,
    "Title": "Singin' in the Rain",
    "Year": 1952,
    "Rated": "NR",
    "Genre": "Comedy",
    "Oscars Won": 0,
    "Critic (RottenTomatoes)": 100,
    "Audience (imdbRating)": 83,
    "BoxOffice (US Gross)": "8,819,028"
  },
  {
    "Index": 92,
    "Title": "Your Name",
    "Year": 2016,
    "Rated": "PG",
    "Genre": "Animation",
    "Oscars Won": 0,
    "Critic (RottenTomatoes)": 97,
    "Audience (imdbRating)": 86,
    "BoxOffice (US Gross)": "4,676,810"
  },
  {
    "Index": 93,
    "Title": "The Sting",
    "Year": 1973,
    "Rated": "PG",
    "Genre": "Comedy",
    "Oscars Won": 7,
    "Critic (RottenTomatoes)": 93,
    "Audience (imdbRating)": 83,
    "BoxOffice (US Gross)": "159,600,000"
  },
  {
    "Index": 94,
    "Title": "Toy Story",
    "Year": 1995,
    "Rated": "G",
    "Genre": "Animation",
    "Oscars Won": 0,
    "Critic (RottenTomatoes)": 100,
    "Audience (imdbRating)": 83,
    "BoxOffice (US Gross)": "191,796,233"
  },
  {
    "Index": 95,
    "Title": "Bicycle Thieves",
    "Year": 1948,
    "Rated": "NR",
    "Genre": "Drama",
    "Oscars Won": 0,
    "Critic (RottenTomatoes)": 98,
    "Audience (imdbRating)": 83,
    "BoxOffice (US Gross)": "332,930"
  },
  {
    "Index": 96,
    "Title": "The Kid",
    "Year": 1921,
    "Rated": "NR",
    "Genre": "Comedy",
    "Oscars Won": 0,
    "Critic (RottenTomatoes)": 100,
    "Audience (imdbRating)": 83,
    "BoxOffice (US Gross)": "5,450,000"
  },
  {
    "Index": 97,
    "Title": "Inglourious Basterds",
    "Year": 2009,
    "Rated": "R",
    "Genre": "Adventure",
    "Oscars Won": 1,
    "Critic (RottenTomatoes)": 88,
    "Audience (imdbRating)": 83,
    "BoxOffice (US Gross)": "120,523,073"
  },
  {
    "Index": 98,
    "Title": "3 Idiots",
    "Year": 2009,
    "Rated": "PG-13",
    "Genre": "Adventure",
    "Oscars Won": 0,
    "Critic (RottenTomatoes)": 100,
    "Audience (imdbRating)": 84,
    "BoxOffice (US Gross)": "6,500,000"
  },
  {
    "Index": 99,
    "Title": "Snatch",
    "Year": 2000,
    "Rated": "R",
    "Genre": "Comedy",
    "Oscars Won": 0,
    "Critic (RottenTomatoes)": 73,
    "Audience (imdbRating)": 83,
    "BoxOffice (US Gross)": "30,093,107"
  },
  {
    "Index": 100,
    "Title": "Monty Python and the Holy Grail",
    "Year": 1975,
    "Rated": "PG",
    "Genre": "Adventure",
    "Oscars Won": 0,
    "Critic (RottenTomatoes)": 97,
    "Audience (imdbRating)": 83,
    "BoxOffice (US Gross)": "1,229,197"
  }
]
